english,pos,meaning_ja,aliases
adult,noun,大人,
aunt,noun,おば,
cousin,noun,いとこ,
child,noun,子供,
daughter,noun,娘,
family,noun,家族,
grandchild,noun,孫,
grandfather,noun,祖父,
grandmother,noun,祖母,
man,noun,男性,
parent,noun,親,
partner,noun,相棒,
son,noun,息子,
uncle,noun,おじ,
youth,noun,若者,
classmate,noun,同級生,
college,noun,単科大学,
dictionary,noun,辞書,
education,noun,教育,
exam,noun,試験,
grade,noun,学年,
gym,noun,体育館,
homework,noun,宿題,
language,noun,言語,
notebook,noun,ノート,
principal,noun,校長,
subject,noun,教科,
university,noun,大学,
actor,noun,俳優,
actress,noun,女優,
baker,noun,パン屋,
clerk,noun,店員,
cook,noun,料理人,
dentist,noun,歯医者,
driver,noun,運転手,
engineer,noun,技術者,
farmer,noun,農家,
guide,noun,案内人,
manager,noun,経営者,
nurse,noun,看護師,
officer,noun,役人,
pilot,noun,パイロット,
president,noun,社長,
singer,noun,歌手,
worker,noun,労働者,
writer,noun,作家,
bath,noun,風呂,
bathroom,noun,浴室,
bedroom,noun,寝室,
desk,noun,机,
floor,noun,床,
house,noun,家,
kitchen,noun,台所,
light,noun,光,
machine,noun,機械,
magazine,noun,雑誌,
money,noun,お金,
newspaper,noun,新聞,
radio,noun,ラジオ,
refrigerator,noun,冷蔵庫,fridge
roof,noun,屋根,
room,noun,部屋,
towel,noun,タオル,
umbrella,noun,傘,
wall,noun,壁,
beef,noun,牛肉,
breakfast,noun,朝食,
butter,noun,バター,
chicken,noun,鶏肉,
dinner,noun,夕食,
lunch,noun,昼食,
orange,noun,オレンジ,
pork,noun,豚肉,
potato,noun,じゃがいも,
sandwich,noun,サンドイッチ,
soup,noun,スープ,
tomato,noun,トマト,
bear,noun,熊,
cow,noun,牛,
earth,noun,地球,
elephant,noun,象,
horse,noun,馬,
leaf,noun,葉,
monkey,noun,猿,
nature,noun,自然,
pig,noun,豚,
plant,noun,植物,
rabbit,noun,ウサギ,
sheep,noun,羊,
tiger,noun,トラ,
wood,noun,木材,
baseball,noun,野球,
basketball,noun,バスケットボール,
book,noun,本,
camp,noun,キャンプ,
comic,noun,漫画,
concert,noun,コンサート,
guitar,noun,ギター,
hobby,noun,趣味,
match,noun,試合,
piano,noun,ピアノ,
pool,noun,プール,
song,noun,歌,
tennis,noun,テニス,
ticket,noun,切符,
toy,noun,おもちゃ,
trip,noun,旅行,
video,noun,ビデオ,
bicycle,noun,自転車,bike
bridge,noun,橋,
building,noun,建物,
bus,noun,バス,
city,noun,都市,
corner,noun,角,
flight,noun,フライト,
place,noun,場所,
plane,noun,飛行機,airplane
road,noun,道路,
street,noun,通り,
taxi,noun,タクシー,
town,noun,町,
truck,noun,トラック,
village,noun,村,
zoo,noun,動物園,
afternoon,noun,午後,
century,noun,世紀,
autumn,noun,秋,fall
holiday,noun,休日,
hour,noun,時間（60分）,
month,noun,月（暦）,
season,noun,季節,
second,noun,秒,
spring,noun,春,
summer,noun,夏,
vacation,noun,休暇,
weekend,noun,週末,
winter,noun,冬,
monday,noun,月曜日,
tuesday,noun,火曜日,
wednesday,noun,水曜日,
thursday,noun,木曜日,
friday,noun,金曜日,
saturday,noun,土曜日,
sunday,noun,日曜日,
crowd,noun,群衆,
planet,noun,惑星,
age,noun,年齢,
port,noun,港,
ceiling,noun,天井,
skill,noun,技術,
trash,noun,ごみ,
cart,noun,カート,
shadow,noun,影,
closet,noun,押し入れ,
branch,noun,枝,
section,noun,部門,
platform,noun,ホーム,
cave,noun,洞窟,
item,noun,品目,
tournament,noun,トーナメント,
middle,noun,真ん中,
nest,noun,巣,
comb,noun,くし,
stair,noun,階段,stairs
hero,noun,英雄,
view,noun,眺め,
castle,noun,城,
shower,noun,シャワー,
capital,noun,首都,
shade,noun,日陰,
festival,noun,祭り,
field,noun,野原,
ladder,noun,はしご,
apartment,noun,アパート,
price,noun,値段,
culture,noun,文化,
glove,noun,手袋,
symbol,noun,象徴,
volunteer,noun,ボランティア,
emotion,noun,感情,
entrance,noun,入り口,
accident,noun,事故,
twin,noun,双子,
cage,noun,かご,
seed,noun,種,
courage,noun,勇気,
headache,noun,頭痛,
nephew,noun,おい,
custom,noun,習慣,
flavor,noun,風味,
gate,noun,門,
information,noun,情報,
sunrise,noun,日の出,
gesture,noun,身ぶり,
job,noun,仕事,
sweater,noun,セーター,
generation,noun,世代,
sunshine,noun,日光,
case,noun,場合,
fact,noun,事実,
climate,noun,気候,
statue,noun,像,
figure,noun,数字,
gas,noun,ガス,
scissors,noun,はさみ,
league,noun,リーグ,
pan,noun,なべ,
sign,noun,看板,
mayor,noun,市長,
note,noun,メモ,
model,noun,模型,
cause,noun,原因,
shrine,noun,神社,
dust,noun,ほこり,
coast,noun,海岸,
chopsticks,noun,はし,
diet,noun,ダイエット,
department,noun,部署,
highway,noun,幹線道路,
tradition,noun,伝統,
factory,noun,工場,
heat,noun,熱,
temperature,noun,温度,
pain,noun,痛み,
rest,noun,休憩,
bay,noun,湾,
schedule,noun,予定,
desert,noun,砂漠,
garbage,noun,生ごみ,
medicine,noun,薬,
experience,noun,経験,
aquarium,noun,水族館,
puppy,noun,子犬,
meal,noun,食事,
million,noun,百万,
company,noun,会社,
garage,noun,車庫,
purse,noun,小銭入れ,
period,noun,期間,
wallet,noun,財布,
fever,noun,発熱,
promise,noun,約束,
novel,noun,小説,
project,noun,企画,
hole,noun,穴,
message,noun,伝言,
bottom,noun,底,
secret,noun,秘密,
height,noun,高さ,
interview,noun,面接,
battle,noun,戦い,
audience,noun,観衆,
resort,noun,リゾート,
award,noun,賞,
role,noun,役割,
address,noun,住所,
pleasure,noun,楽しみ,
continent,noun,大陸,
advice,noun,助言,
recipe,noun,レシピ,
earthquake,noun,地震,
heaven,noun,天国,
terminal,noun,ターミナル,
license,noun,免許,
wedding,noun,結婚式,
health,noun,健康,
prize,noun,賞品,
tear,noun,涙,
crop,noun,作物,
convenience,noun,便利,
niece,noun,めい,
brush,verb,磨く,
cook,verb,料理する,
bring,verb,持ってくる,
hold,verb,保持する,
clean,verb,掃除する,
buy,verb,買う,
draw,verb,描く,
turn,verb,曲がる,
learn,verb,学ぶ,
study,verb,勉強する,
practice,verb,練習する,
enjoy,verb,楽しむ,
need,verb,必要とする,
worry,verb,心配する,
surprise,verb,驚かせる,
smile,verb,微笑む,
answer,verb,答える,
invite,verb,招待する,
show,verb,見せる,
thank,verb,感謝する,
become,verb,成る,
build,verb,建てる,
arrive,verb,到着する,
move,verb,動く,
return,verb,戻る,
shine,verb,輝く,
continue,verb,続ける,
escape,verb,逃げる,
master,verb,習得する,
hunt,verb,狩る,
press,verb,押しつける,
damage,verb,損なう,
cancel,verb,取り消す,
blow,verb,吹く,
relax,verb,くつろぐ,
offer,verb,提供する,
collect,verb,集める,
hide,verb,隠す,
trust,verb,信頼する,
exchange,verb,交換する,
shock,verb,ショックを与える,
introduce,verb,紹介する,
state,verb,述べる,
stew,verb,煮込む,
attend,verb,出席する,
hate,verb,嫌う,
rise,verb,昇る,
act,verb,行動する,
bake,verb,焼く,
shoot,verb,撃つ,
waste,verb,無駄にする,
travel,verb,旅行する,
perform,verb,演じる,
twist,verb,ひねる,
board,verb,乗り込む,
graduate,verb,卒業する,
sound,verb,聞こえる,
check,verb,確認する,
prepare,verb,準備する,
advise,verb,助言する,
add,verb,加える,
cross,verb,横切る,
mark,verb,印をつける,
solve,verb,解決する,
raise,verb,上げる,
miss,verb,恋しく思う,
smoke,verb,喫煙する,
sign,verb,署名する,
lend,verb,貸す,
fit,verb,合う,
celebrate,verb,祝う,
cheer,verb,元気づける,
burn,verb,燃える,
plant,verb,植える,
fear,verb,恐れる,
borrow,verb,借りる,
boil,verb,沸かす,
greet,verb,挨拶する,
cost,verb,費用がかかる,
fix,verb,修理する,
fold,verb,折る,
decorate,verb,飾る,
release,verb,公開する,
feed,verb,食物を与える,
spread,verb,広げる,
deliver,verb,配達する,
steal,verb,盗む,
roast,verb,あぶる,
afraid,adj,怖い,
careful,adj,注意深い,
excited,adj,興奮した,
friendly,adj,親しみやすい,
fine,adj,元気な,
funny,adj,おかしい,
glad,adj,嬉しい,
happy,adj,幸せな,
hungry,adj,空腹な,
interested,adj,興味を持った,
lonely,adj,寂しい,
lucky,adj,幸運な,
sleepy,adj,眠い,
sorry,adj,申し訳ない,
surprised,adj,驚いた,
thirsty,adj,喉が渇いた,
tired,adj,疲れた,
busy,adj,忙しい,
cheap,adj,安い,
clean,adj,きれいな,
dead,adj,死んだ,
delicious,adj,おいしい,
difficult,adj,難しい,
expensive,adj,高価な,
famous,adj,有名な,
free,adj,自由な,
great,adj,素晴らしい,
hard,adj,硬い,
late,adj,遅れた,
open,adj,開いた,
popular,adj,人気のある,
strange,adj,奇妙な,
sure,adj,確かな,
sweet,adj,甘い,
terrible,adj,ひどい,
young,adj,若い,
deep,adj,深い,
heavy,adj,重い,
high,adj,高い,
long,adj,長い,
low,adj,低い,
short,adj,短い,
slow,adj,遅い,
tall,adj,背の高い,
brown,adj,茶色い,
green,adj,緑の,
yellow,adj,黄色い,
tight,adj,きつい,
crowded,adj,混雑した,
total,adj,全部の,
official,adj,公式の,
familiar,adj,見慣れた,
nervous,adj,緊張した,
several,adj,数個の,
alive,adj,生きた,
international,adj,国際的な,
enough,adj,十分な,
basic,adj,基本的な,
comfortable,adj,快適な,
foreign,adj,外国の,
fresh,adj,新鮮な,
amazing,adj,驚くべき,
crazy,adj,クレイジーな,
local,adj,地元の,
extra,adj,余分な,
correct,adj,正しい,
absent,adj,欠席した,
major,adj,主要な,
excellent,adj,優れた,
lazy,adj,怠惰な,
fair,adj,公平な,
electric,adj,電気の,
elderly,adj,年配の,
helpful,adj,助けになる,
healthy,adj,健康的な,
natural,adj,自然な,
both,adj,両方の,
early,adv,早く,
easily,adv,簡単に,
carefully,adv,注意深く,
finally,adv,ついに,
usually,adv,たいてい,
away,adv,離れて,
really,adv,本当に,
actually,adv,実際に,
exactly,adv,正確に,
softly,adv,そっと,
overseas,adv,海外へ,
nearly,adv,もう少しで,
recently,adv,最近,
abroad,adv,海外で,
outdoors,adv,屋外で,
upstairs,adv,上の階へ,
downtown,adv,都心へ,
instead,adv,その代わりに,
aloud,adv,声を出して,
anyway,adv,とにかく,
nowadays,adv,この頃,
rather,adv,かなり,
hard,adv,一生懸命に,
straight,adv,まっすぐに,
far,adv,遠くに,
ever,adv,これまでに,
then,adv,その時,
anytime,adv,いつでも,
above,prep,の上方に,
across,prep,を横切って,
against,prep,に反対して,
among,prep,の中で,
around,prep,の周りに,
behind,prep,の後ろに,
between,prep,の間に,
during,prep,の最中に,
into,prep,の中へ,
near,prep,の近くに,
off,prep,から離れて,
over,prep,を越えて,
through,prep,を通って,
under,prep,の下に,
without,prep,なしで,
onto,prep,の上へ,
beside,prep,のそばに,
everyone,pronoun,みんな,
everything,pronoun,すべて,
something,pronoun,何か,
nothing,pronoun,何もない,
anyone,pronoun,誰でも,
anything,pronoun,何でも,
