original,regenerated,pos,meaning_ja,violations_before,violations_after,notes,status,replaced_by
mi,mi,pronoun,私,OK,OK,,active,
tu,tu,pronoun,あなた,OK,OK,,active,
li,li,pronoun,彼/彼女/それ,OK,OK,,active,
mis,misu,pronoun,私たち（包括）,cluster_or_coda@2:s;non_vowel_ending,OK,,active,
tus,tusu,pronoun,あなたたち,cluster_or_coda@2:s;non_vowel_ending,OK,,active,
lis,lisu,pronoun,彼ら,cluster_or_coda@2:s;non_vowel_ending,OK,,active,
wata,wata,wh,何,OK,OK,,active,
kua,kua,wh,誰,OK,OK,,active,
wena,wena,wh,いつ,OK,OK,,active,
wera,wela,wh,どこ,uses_r,OK,,active,
waia,waia,wh,なぜ,OK,OK,,active,
haua,aua,wh,どうやって,invalid_char:h,OK,,active,
somena,somena,pronoun,誰か,OK,OK,,active,
e,e,conj,と,OK,OK,,active,
pat,patu,conj,しかし,cluster_or_coda@2:t;non_vowel_ending,OK,,active,
o,o,conj,または,OK,OK,,active,
so,sonu,conj,だから,OK,OK,v0.4: 数詞6との同音回避 so→sonu,active,
ip,ipu,conj,もし,cluster_or_coda@1:p;non_vowel_ending,OK,,active,
tande,tanute,conj,より,invalid_char:d,OK,,active,
atde,atute,prep,で,invalid_char:d,OK,,active,
inde,inute,prep,の中に,invalid_char:d,OK,,active,
onde,onute,prep,の上に,invalid_char:d,OK,,active,
paude,paute,prep,について,invalid_char:d,OK,,active,
pode,pote,prep,のために,invalid_char:d,OK,,active,
promde,pulomute,prep,から,invalid_char:d,OK,,active,
tode,tote,prep,へ,invalid_char:d,OK,,active,
witde,witute,prep,と,invalid_char:d,OK,,active,
aita,aita,noun,考え,OK,OK,,active,
ana,ana,noun,怒り,OK,OK,,active,
ansa,anusa,noun,答え,cluster_or_coda@1:ns,OK,,active,
ara,ala,noun,面積,uses_r,OK,,active,
ata,ata,noun,芸術,OK,OK,,active,
beta,peta,noun,美,invalid_char:b,OK,,active,
eda,eta,noun,端,invalid_char:d,OK,,active,
enera,enela,noun,エネルギー,uses_r,OK,,active,
anma,anuma,noun,動物,cluster_or_coda@1:nm,OK,,active,
aia,aia,noun,目,OK,OK,,active,
epa,epa,noun,空港,OK,OK,,active,
hata,kasa,noun,帽子,invalid_char:h,OK,手動解決: 日本『笠』由来,active,
hisoa,isoa,noun,歴史,invalid_char:h,OK,,active,
apa,apa,noun,リンゴ,OK,OK,,active,
jota,jota,noun,喜び,OK,OK,,active,
kaia,kaia,noun,親切,OK,OK,,active,
kema,kema,noun,ゲーム,OK,OK,,active,
kona,kona,noun,経済,OK,OK,,active,
kosa,kosa,noun,費用,OK,OK,,active,
kosa2,kusa,noun,コース,OK,OK,衝突分化 x1,active,
krima,kulima,noun,犯罪,uses_r;cluster_or_coda@0:kr,OK,,active,
kura,kula,noun,契約,uses_r,OK,,active,
kwea,kuwea,noun,質問,cluster_or_coda@0:kw,OK,,active,
lepa,lepa,noun,レベル,OK,OK,,active,
lesa,lesa,noun,レッスン,OK,OK,,active,
lita,lita,noun,文学,OK,OK,,active,
masa,masa,noun,数学,OK,OK,,active,
memo,mema,noun,記憶,missing_suffix:expected_a,OK,,active,
meta,meta,noun,方法,OK,OK,,active,
mupa,mupa,noun,映画,OK,OK,,active,
musa,musa,noun,音楽,OK,OK,,active,
naua,naua,noun,現在,OK,OK,,active,
nema,nema,noun,名前,OK,OK,,active,
nota,nota,noun,知らせ,OK,OK,,active,
numa,numa,noun,数,OK,OK,,active,
paia,paia,noun,支払い,OK,OK,,active,
para,patala,noun,部分,uses_r,OK,手動解決: 英part延長(pa-ta-la),active,
pasa,pasa,noun,過去,OK,OK,,active,
pasa2,eiwa,noun,平和,OK,OK,手動解決: 日本『平和』由来,active,
paua,paua,noun,力,OK,OK,,active,
pera,pela,noun,失敗,uses_r,OK,,active,
pika,pika,noun,絵,OK,OK,,active,
pila,pila,noun,請求書,OK,OK,,active,
pina,pina,noun,点,OK,OK,,active,
pira,kowa,noun,恐怖,uses_r,OK,手動解決: 日本『怖い』由来,active,
pisa,pisa,noun,声,OK,OK,,active,
ploa,puloa,noun,計画,cluster_or_coda@0:pl,OK,,active,
poka,poka,noun,意見,OK,OK,,active,
pona,pona,noun,点数,OK,OK,,active,
propa,pulopa,noun,問題,uses_r;cluster_or_coda@0:pr,OK,,active,
puroa,paloa,noun,製品,uses_r,OK,衝突分化 x1,active,
puta,tata,noun,未来,OK,OK,衝突分化 x1,active,
raina,laina,noun,線,uses_r,OK,,active,
resa,sokuta,noun,レストラン,uses_r,OK,手動解決: 日本『食卓』風,active,
reta,leta,noun,結果,uses_r,OK,,active,
reta2,sita,noun,手紙,uses_r,OK,衝突分化 x1,active,
risa,lisa,noun,理由,uses_r,OK,,active,
risa2,losa,noun,危険,uses_r,OK,衝突分化 x1,active,
roa,loa,noun,法律,uses_r,OK,,active,
ropa,lopa,noun,愛,uses_r,OK,,active,
rula,lula,noun,ルール,uses_r,OK,,active,
rumpa,lumupa,noun,レポート,uses_r;cluster_or_coda@2:mp,OK,,active,
saia,saia,noun,科学,OK,OK,,active,
sapa,sapa,noun,安全,OK,OK,,active,
sata,sata,noun,悲しみ,OK,OK,,active,
sela,sela,noun,販売,OK,OK,,active,
sena,sena,noun,文,OK,OK,,active,
sepa,sepa,noun,サービス,OK,OK,,active,
sina,sina,noun,事モノ,OK,OK,,active,
sisa,sisa,noun,システム,OK,OK,,active,
sora,sola,noun,種類,uses_r,OK,,active,
sosa,sosa,noun,社会,OK,OK,,active,
souna,souna,noun,音,OK,OK,,active,
spesa,supesa,noun,宇宙,cluster_or_coda@0:sp,OK,,active,
supo,supa,noun,スポーツ,missing_suffix:expected_a,OK,,active,
suka,saka,noun,成功,OK,OK,衝突分化 x1,active,
taima,taima,noun,時間,OK,OK,,active,
tako,taka,noun,税金,missing_suffix:expected_a,OK,,active,
tana,tana,noun,チャンス,OK,OK,,active,
tansa,tanusa,noun,ダンス,cluster_or_coda@2:ns,OK,,active,
tota,tota,noun,全体,OK,OK,,active,
truta,tuluta,noun,真実,uses_r;cluster_or_coda@0:tr,OK,,active,
weia,weia,noun,道方法,OK,OK,,active,
woa,woa,noun,戦争,OK,OK,,active,
wota,wota,noun,言葉,OK,OK,,active,
inse,inusa,noun,虫,cluster_or_coda@1:ns;missing_suffix:expected_a,OK,,active,
kata,kata,noun,猫,OK,OK,,active,
pato,pata,noun,鳥,missing_suffix:expected_a,OK,,active,
pisa2,tosa,noun,魚,OK,OK,REVIEW: 衝突残存 (pisaと同形),active,
toko,tuka,noun,犬,missing_suffix:expected_a,OK,衝突分化 x1,active,
hana,ena,noun,手,invalid_char:h,OK,衝突分化 x1,active,
harta,aluta,noun,心臓,invalid_char:h,OK,,active,
heta,ita,noun,頭,invalid_char:h,OK,衝突分化 x1,active,
mauta,mauta,noun,口,OK,OK,,active,
nosa,nosa,noun,鼻,OK,OK,,active,
pesa,pesa,noun,顔,OK,OK,,active,
pona2,puna,noun,骨,OK,OK,衝突分化 x1,active,
pota,pota,noun,体,OK,OK,,active,
prota,pulota,noun,血,uses_r;cluster_or_coda@0:pr,OK,,active,
puta2,teta,noun,足,OK,OK,REVIEW: 衝突残存 (putaと同形),active,
tera,kila,noun,尾,uses_r,OK,衝突分化 x1,active,
wina,wina,noun,翼,OK,OK,,active,
hota,ota,noun,ホテル,invalid_char:h,OK,,active,
hosa,osa,noun,病院,invalid_char:h,OK,,active,
kanta,kanuta,noun,国,cluster_or_coda@2:nt,OK,,active,
kipa,kipa,noun,図書館,OK,OK,,active,
kita,kita,noun,教会,OK,OK,,active,
kota,kota,noun,裁判所,OK,OK,,active,
mapa,mapa,noun,地図,OK,OK,,active,
mara,mala,noun,市場,uses_r,OK,,active,
musa2,nasa,noun,博物館,OK,OK,衝突分化 x1,active,
opis,opisa,noun,オフィス,cluster_or_coda@3:s;missing_suffix:expected_a,OK,,active,
paka,paka,noun,公園,OK,OK,,active,
poka2,puka,noun,銀行,OK,OK,衝突分化 x1,active,
posa,posa,noun,郵便局,OK,OK,,active,
pria,pulia,noun,刑務所,uses_r;cluster_or_coda@0:pr,OK,,active,
skula,sukula,noun,学校,cluster_or_coda@0:sk,OK,,active,
sopa,sopa,noun,店,OK,OK,,active,
stea,sutea,noun,駅,cluster_or_coda@0:st,OK,,active,
teta,kekisa,noun,劇場,OK,OK,手動解決: 日本『劇』+sa(場),active,
wora,wola,noun,世界,uses_r,OK,,active,
kota2,kuta,noun,コート,OK,OK,衝突分化 x1,active,
krosa,kulosa,noun,服,uses_r;cluster_or_coda@0:kr,OK,,active,
pasa3,pasuna,noun,ズボン,OK,OK,手動解決: 英pants音訳,active,
pera2,tila,noun,ベルト,uses_r,OK,衝突分化 x1,active,
rina,lina,noun,指輪,uses_r,OK,,active,
soka,soka,noun,靴下,OK,OK,,active,
sota,sota,noun,シャツ,OK,OK,,active,
sua,sua,noun,靴,OK,OK,,active,
tresa,tulesa,noun,ドレス,uses_r;cluster_or_coda@0:tr,OK,,active,
wota2,wuta,noun,時計,OK,OK,衝突分化 x1,active,
eka,eka,noun,卵,OK,OK,,active,
kapa,kapa,noun,カップ,OK,OK,,active,
koka,koka,noun,時計,OK,OK,,deprecated,wuta
kopi,kupa,noun,コーヒー,missing_suffix:expected_a,OK,衝突分化 x1,active,
krasa,kalasa,noun,グラス,uses_r;cluster_or_coda@0:kr,OK,衝突分化 x1,active,
meta2,nita,noun,金属,OK,OK,衝突分化 x1,active,
mika,mika,noun,みかん,OK,OK,,active,
milka,miluka,noun,牛乳,cluster_or_coda@2:lk,OK,,active,
mita,mita,noun,肉,OK,OK,,active,
naipa,naipa,noun,ナイフ,OK,OK,,active,
oira,oila,noun,油,uses_r,OK,,active,
pana,pana,noun,パン,OK,OK,,active,
pira2,pia,noun,ビール,uses_r,OK,手動解決: 英beer短音(rなし),active,
poka3,poluka,noun,フォーク,OK,OK,"手動解決: 英fork音節展開(f→p,r→l,名詞-a)",active,
pora,pola,noun,ボウル,uses_r,OK,,active,
pota2,tuta,noun,ボトル,OK,OK,衝突分化 x1,active,
praa,pula,noun,皿,uses_r;cluster_or_coda@0:pr,OK,,active,
preta,puleta,noun,パン,uses_r;cluster_or_coda@0:pr,OK,,deprecated,pana
pruta,puluta,noun,果物,uses_r;cluster_or_coda@0:pr,OK,,active,
puda,puta,noun,食べ物,invalid_char:d,OK,,active,
raisa,laisa,noun,米,uses_r,OK,,active,
sara,sala,noun,サラダ,uses_r,OK,,active,
solta,soluta,noun,塩,cluster_or_coda@2:lt,OK,,deprecated,luta
sopa2,lupa,noun,石鹸,OK,OK,REVIEW: 衝突残存 (sopaと同形),active,
spuna,supuna,noun,スプーン,cluster_or_coda@0:sp,OK,,active,
suka2,seka,noun,砂糖,OK,OK,衝突分化 x2,active,
tamagoa,tamakoa,noun,卵,invalid_char:g,OK,,deprecated,eka
tesa,tesa,noun,テスト,OK,OK,,active,
tia,tia,noun,お茶,OK,OK,,active,
tisa,tisa,noun,チーズ,OK,OK,,active,
wata2,jeta,noun,水,OK,OK,衝突分化 x1,active,
weja,weja,noun,野菜,OK,OK,,active,
wina2,wona,noun,ワイン,OK,OK,衝突分化 x1,active,
hasa,asa,noun,夫,invalid_char:h,OK,,active,
mama,mama,noun,母,OK,OK,,active,
pama,pama,noun,父,OK,OK,,active,
prata,pulata,noun,兄弟,uses_r;cluster_or_coda@0:pr,OK,,active,
sora2,sula,noun,姉妹,uses_r,OK,衝突分化 x1,active,
waipa,waipa,noun,妻,OK,OK,,active,
aira,aila,noun,島,uses_r,OK,,active,
aisa,aisa,noun,氷,OK,OK,,active,
era,ela,noun,空気,uses_r,OK,,active,
krasa2,kelasa,noun,草,uses_r;cluster_or_coda@0:kr,OK,衝突分化 x2,active,
kura2,pala,noun,雲,uses_r,OK,REVIEW: 衝突残存 (kulaと同形),active,
mota,mota,noun,山,OK,OK,,active,
muna,muna,noun,月,OK,OK,,active,
paira,paila,noun,火,uses_r,OK,,active,
pora2,molia,noun,森,uses_r,OK,手動解決: 日本『森』由来,active,
praua,pulaua,noun,花,uses_r;cluster_or_coda@0:pr,OK,,active,
rena,lena,noun,雨,uses_r,OK,,active,
ripa,lipa,noun,川,uses_r,OK,,active,
sana,sana,noun,太陽,OK,OK,,active,
sia,sia,noun,海,OK,OK,,active,
skai,suka,noun,空,cluster_or_coda@0:sk;missing_suffix:expected_a,OK,,active,
snoa,sunoa,noun,雪,cluster_or_coda@0:sn,OK,,active,
soto,lata,noun,嵐,missing_suffix:expected_a,OK,衝突分化 x2,active,
staa,suta,noun,星,cluster_or_coda@0:st,OK,,active,
stona,sutona,noun,石,cluster_or_coda@0:st,OK,,active,
tria,tulia,noun,木,uses_r;cluster_or_coda@0:tr,OK,,active,
weta,weta,noun,天気,OK,OK,,active,
wina3,wuna,noun,風,OK,OK,衝突分化 x2,active,
wota3,jata,noun,風,OK,OK,衝突分化 x2,deprecated,wuna
atisa,atisa,noun,芸術家,OK,OK,,active,
enema,enema,noun,敵,OK,OK,,active,
huma,uma,noun,人間,invalid_char:h,OK,,active,
jajo,jaja,noun,裁判官,missing_suffix:expected_a,OK,,active,
kesta,kesuta,noun,客,cluster_or_coda@2:st,OK,,active,
kin,kina,noun,王,cluster_or_coda@2:n;missing_suffix:expected_a,OK,,active,
kona2,kuna,noun,政府,OK,OK,衝突分化 x1,active,
kopa,kopa,noun,警官,OK,OK,,active,
mana,mana,noun,人,OK,OK,,active,
nepa,nepa,noun,隣人,OK,OK,,active,
pepa,pepa,noun,赤ちゃん,OK,OK,,active,
posa2,pusa,noun,上司,OK,OK,衝突分化 x1,active,
prea,pulea,noun,選手,uses_r;cluster_or_coda@0:pr,OK,,active,
prena,pulena,noun,友達,uses_r;cluster_or_coda@0:pr,OK,,active,
sitia,sitia,noun,市民,OK,OK,,active,
sora3,lala,noun,兵士,uses_r,OK,衝突分化 x2,active,
stua,sutua,noun,学生,cluster_or_coda@0:st,OK,,active,
titsa,titusa,noun,先生,cluster_or_coda@2:ts,OK,,active,
toka,toka,noun,医者,OK,OK,,active,
woma,woma,noun,女,OK,OK,,active,
hama,ama,noun,ハンマー,invalid_char:h,OK,,active,
kamera,kamela,noun,カメラ,uses_r,OK,,active,
kara,kala,noun,車,uses_r,OK,,active,
kia,kia,noun,鍵,OK,OK,,active,
klasa,kulasa,noun,クラス,cluster_or_coda@0:kl,OK,,active,
koma,koma,noun,PC,OK,OK,,active,
mira,mila,noun,鏡,uses_r,OK,,active,
paka2,teka,noun,カバン,OK,OK,衝突分化 x1,active,
pasa4,pokita,noun,ポケット,OK,OK,手動解決: 英pocket音訳,active,
pena,pena,noun,ペン,OK,OK,,active,
pepa2,pipa,noun,紙,OK,OK,衝突分化 x1,active,
poka4,peka,noun,箱,OK,OK,衝突分化 x3,active,
peta,pita,noun,ベッド,OK,OK,衝突分化 x1,active,
ramp,lamupa,noun,ランプ,uses_r;cluster_or_coda@2:mp;missing_suffix:expected_a,OK,,active,
ropa2,nawa,noun,ロープ,uses_r,OK,手動解決: 日本『縄』由来,active,
roto,lota,noun,ロボット,uses_r;missing_suffix:expected_a,OK,,active,
sera,sila,noun,椅子,uses_r,OK,衝突分化 x1,active,
sipa,sipa,noun,船,OK,OK,,active,
sota2,luta,noun,塩,OK,OK,衝突分化 x1,active,
tepa,tepa,noun,テーブル,OK,OK,,active,
tela,tela,noun,電話,OK,OK,,active,
tipia,tipia,noun,TV,OK,OK,,active,
tora,tola,noun,ドア,uses_r,OK,,active,
trena,tulena,noun,電車,uses_r;cluster_or_coda@0:tr,OK,,active,
tula,tula,noun,道具,OK,OK,,active,
winta,winuta,noun,窓,cluster_or_coda@2:nt,OK,,active,
wira,wila,noun,針金,uses_r,OK,,active,
aura,aula,noun,時間,uses_r,OK,,deprecated,taima
ipa,ipa,noun,夕方,OK,OK,,active,
ira,ila,noun,年,uses_r,OK,,active,
jestea,jesutea,noun,昨日,cluster_or_coda@2:st,OK,,active,
minta,minuta,noun,分,cluster_or_coda@2:nt,OK,,active,
mora,mola,noun,朝,uses_r,OK,,active,
moroa,moloa,noun,明日,uses_r,OK,,active,
mosa,mosa,noun,月,OK,OK,,deprecated,muna
naita,naita,noun,夜,OK,OK,,active,
nuna,nuna,noun,昼,OK,OK,,active,
teia,teia,noun,日,OK,OK,,active,
tuteia,tuteia,noun,今日,OK,OK,,active,
wika,wika,noun,週,OK,OK,,active,
arao,alao,verb,洗う,uses_r,OK,,deprecated,waso
areo,aleo,verb,逮捕する,uses_r,OK,,active,
hako,ako,verb,抱きしめる,invalid_char:h,OK,,active,
hapo,apo,verb,起こる,invalid_char:h,OK,,active,
hato,ato,verb,傷つける,invalid_char:h,OK,,active,
herpo,elupo,verb,助ける,invalid_char:h,OK,,active,
hio,io,verb,打つ,invalid_char:h,OK,,active,
hoto,oto,verb,持つ,invalid_char:h,OK,,active,
ito,ito,verb,食べる,OK,OK,,active,
joino,joino,verb,参加する,OK,OK,,active,
joso,joso,verb,加わる,OK,OK,,active,
jupo,jupo,verb,跳ぶ,OK,OK,,active,
juso,juso,verb,使う,OK,OK,,active,
kako,kako,verb,書く,OK,OK,,active,
kanao,kanao,verb,考える,OK,OK,,active,
karo,kalo,verb,運ぶ,uses_r,OK,,active,
kato,kato,verb,切る,OK,OK,,active,
katso,katuso,verb,捕まえる,cluster_or_coda@2:ts,OK,,active,
kero,kelo,verb,気にかける,uses_r,OK,,active,
kiko,kiko,verb,蹴る,OK,OK,,active,
kimo,kimo,verb,登る,OK,OK,,active,
kio,kio,verb,着る,OK,OK,,active,
kipo,kipo,verb,保つ与える,OK,OK,,active,
kiso,kiso,verb,キスする,OK,OK,,active,
kono,kono,verb,支配する,OK,OK,,active,
koro,pulo,verb,覆う,uses_r,OK,REVIEW: 衝突残存 (koloと同形),active,
koso,koso,verb,させる,OK,OK,,active,
koto,koto,verb,数える,OK,OK,,active,
kraio,kulaio,verb,泣く,uses_r;cluster_or_coda@0:kr,OK,,active,
krio,kulio,verb,創造する,uses_r;cluster_or_coda@0:kr,OK,,active,
kro,kulo,verb,成長する,uses_r;cluster_or_coda@0:kr,OK,,active,
kroso,kuloso,verb,閉める,uses_r;cluster_or_coda@0:kr,OK,,active,
kuro,palo,verb,含む,uses_r,OK,衝突分化 x1,active,
lepo,lepo,verb,去る,OK,OK,,active,
lito,lito,verb,導く,OK,OK,,active,
luso,luso,verb,失う,OK,OK,,active,
mano,mano,verb,管理する,OK,OK,,active,
mari,malo,verb,結婚する,uses_r;missing_suffix:expected_o,OK,,active,
mato,mato,verb,待つ,OK,OK,,active,
meko,meko,verb,作る,OK,OK,,active,
mero,melo,verb,結婚する,uses_r,OK,,deprecated,malo
mito,mito,verb,会う,OK,OK,,active,
neo,neo,verb,寝る,OK,OK,,active,
obo,upo,verb,覚える,invalid_char:b,OK,衝突分化 x1,active,
oko,oko,verb,起きる,OK,OK,,active,
ono,ono,verb,所有する,OK,OK,,active,
opo,apelo,verb,開ける,OK,OK,手動解決: openの音節展開,active,
oro,olo,verb,命じる,uses_r,OK,,active,
paito,paito,verb,戦う,OK,OK,,active,
pako,pako,verb,支払う,OK,OK,,active,
pao,pao,verb,落ちる,OK,OK,,active,
paso,paso,verb,合格する,OK,OK,,active,
peno,peno,verb,費やす,OK,OK,,active,
pero,pelo,verb,失敗する,uses_r,OK,,active,
piko,piko,verb,拾う,OK,OK,,active,
pito,pito,verb,祈る,OK,OK,,active,
plao,pulao,verb,計画する,cluster_or_coda@0:pl,OK,,active,
poo,tulimo,verb,夢見る,OK,OK,v0.5: 動名詞 pona（点数）との衝突回避 po→tulimo（dream音訳）,active,
poro,polo,verb,従う,uses_r,OK,,active,
poto,poto,verb,守る,OK,OK,,active,
praio,pulaio,verb,飛ぶ,uses_r;cluster_or_coda@0:pr,OK,,active,
preko,puleko,verb,壊す,uses_r;cluster_or_coda@0:pr,OK,,active,
preo,puleo,verb,遊ぶ,uses_r;cluster_or_coda@0:pr,OK,,active,
proo,pulomiso,verb,約束する,uses_r;cluster_or_coda@0:pr,OK,手動解決: 英promise音節展開,active,
pulo,talo,verb,引く,OK,OK,衝突分化 x1,active,
puno,puno,verb,罰する,OK,OK,,active,
puso,puso,verb,押す,OK,OK,,active,
puto,puto,verb,置く,OK,OK,,active,
raio,laio,verb,乗る,uses_r,OK,,active,
raito,laito,verb,書く,uses_r,OK,,deprecated,kako
rano,lano,verb,走る,uses_r,OK,,active,
rapo,lapo,verb,笑う,uses_r,OK,,active,
reso,leso,verb,受け取る,uses_r,OK,,active,
riko,liko,verb,飲む,uses_r,OK,,active,
ruso,laso,verb,負ける,uses_r,OK,衝突分化 x1,active,
sao,sao,verb,触る,OK,OK,,active,
sapo,sapo,verb,支える,OK,OK,,active,
sats,satuso,verb,探す,cluster_or_coda@2:ts;missing_suffix:expected_o,OK,,active,
seko,seko,verb,振る,OK,OK,,active,
selo,selo,verb,売る,OK,OK,,active,
seno,seno,verb,送る,OK,OK,,active,
sepo,sepo,verb,救う,OK,OK,,active,
sero,silo,verb,共有する,uses_r,OK,衝突分化 x1,active,
sino,sino,verb,歌う,OK,OK,,active,
slipo,sulipo,verb,寝る,cluster_or_coda@0:sl,OK,,deprecated,neo
speo,supeo,verb,綴る,cluster_or_coda@0:sp,OK,,active,
sroo,sulo,verb,投げる,uses_r;cluster_or_coda@0:sr,OK,,active,
supo2,supo,verb,支援する,OK,OK,,active,
suto,suto,verb,座る,OK,OK,,deprecated,sito
swimo,suwimo,verb,泳ぐ,cluster_or_coda@0:sw,OK,,active,
tako2,tako,verb,攻撃する,OK,OK,,active,
tano,tano,verb,頼む,OK,OK,,active,
tanso,tanuso,verb,踊る,cluster_or_coda@2:ns,OK,,active,
taso,taso,verb,変える,OK,OK,,active,
teko,teko,verb,取る,OK,OK,,active,
tepo,tepo,verb,発展する,OK,OK,,active,
toko2,toko,verb,話す,OK,OK,,active,
toro,tolo,verb,試す,uses_r,OK,,active,
trao,tulao,verb,運転する,uses_r;cluster_or_coda@0:tr,OK,,active,
tropo,tulopo,verb,落とす,uses_r;cluster_or_coda@0:tr,OK,,active,
tuko,tuko,verb,作る,OK,OK,,deprecated,meko
tuso,tuso,verb,選ぶ,OK,OK,,active,
waso,waso,verb,洗う,OK,OK,,active,
weso,weso,verb,願う,OK,OK,,active,
weto,weto,verb,待つ,OK,OK,,deprecated,mato
wino,wino,verb,勝つ,OK,OK,,active,
wiso,wiso,verb,訪問する,OK,OK,,active,
woko,woko,verb,働く,OK,OK,,active,
iko,iko,verb,行く,OK,OK,,active,
koo,ko,verb,行く,OK,OK,,deprecated,iko
komo,komo,verb,来る,OK,OK,,active,
stano,sutano,verb,立つ,cluster_or_coda@0:st,OK,,deprecated,tato
sito,sito,verb,座る,OK,OK,,active,
wako,wako,verb,歩く,OK,OK,,active,
aro,alo,verb,ある,uses_r,OK,,active,
pio,pio,verb,です,OK,OK,,active,
pino,pino,verb,終わる,OK,OK,,active,
ripo,lipo,verb,住む,uses_r,OK,,active,
simo,simo,verb,のようだ,OK,OK,,active,
stato,sutato,verb,始まる,cluster_or_coda@0:st,OK,,active,
steo,suteo,verb,とどまる,cluster_or_coda@0:st,OK,,active,
stopo,sutopo,verb,止まる,cluster_or_coda@0:st,OK,,active,
taio,taio,verb,死ぬ,OK,OK,,active,
tato,tato,verb,立つ,OK,OK,,active,
akro,akulo,verb,同意する,uses_r;cluster_or_coda@1:kr,OK,,active,
aro2,elo,verb,議論する,uses_r,OK,衝突分化 x1,active,
asko,asuko,verb,尋ねる,cluster_or_coda@1:sk,OK,,active,
espo,esupo,verb,説明する,cluster_or_coda@1:sp,OK,,active,
hio2,oo,verb,聞く,invalid_char:h,OK,衝突分化 x1,active,
hopo,opo,verb,望む,invalid_char:h,OK,,active,
juo,juo,verb,言う,OK,OK,,active,
kato2,peto,verb,話す,OK,OK,衝突分化 x1,deprecated,toko
keso,keso,verb,推測する,OK,OK,,active,
keto,keto,verb,理解する,OK,OK,,active,
kiko2,koko,verb,聞く,OK,OK,衝突分化 x1,deprecated,oo
kiso2,poso,verb,決める,OK,OK,衝突分化 x1,active,
kolo,kolo,verb,呼ぶ,OK,OK,,active,
komo2,kumo,verb,比較する,OK,OK,衝突分化 x1,active,
liro,lilo,verb,聞く,uses_r,OK,,deprecated,oo
memo2,memo,verb,覚える,OK,OK,,deprecated,upo
mino,mino,verb,意味する,OK,OK,,active,
mio,mio,verb,見る,OK,OK,,deprecated,sio
noo,mo,verb,知る,OK,OK,衝突分化 x1,active,
noto,noto,verb,気づく,OK,OK,,active,
omo,omo,verb,思う,OK,OK,,active,
pain,paino,verb,見つける,cluster_or_coda@3:n;missing_suffix:expected_o,OK,,active,
pilo,pilo,verb,感じる,OK,OK,,active,
pipo,pipo,verb,信じる,OK,OK,,active,
pokio,pokio,verb,許す,OK,OK,,active,
poko,poko,verb,忘れる,OK,OK,,active,
raiko,laiko,verb,好む,uses_r,OK,,active,
reko,leko,verb,反対する,uses_r,OK,,active,
reso2,liso,verb,認識する,uses_r,OK,衝突分化 x1,active,
rito,loto,verb,読む,uses_r,OK,衝突分化 x1,active,
ropo,lopo,verb,愛する,uses_r,OK,,active,
seo,seo,verb,言う,OK,OK,,deprecated,juo
sio,sio,verb,見る,OK,OK,,active,
siko,siko,verb,思う,OK,OK,,deprecated,omo
smeo,sumeo,verb,匂う,cluster_or_coda@0:sm,OK,,active,
suo,suo,verb,座る,OK,OK,,deprecated,sito
tato2,teto,verb,疑う,OK,OK,衝突分化 x1,active,
teso,teso,verb,味わう,OK,OK,,active,
titso,tituso,verb,教える,cluster_or_coda@2:ts,OK,,active,
wako2,weko,verb,分かる,OK,OK,衝突分化 x1,active,
wato,wato,verb,見る,OK,OK,,deprecated,sio
wonto,wonuto,verb,欲する,cluster_or_coda@2:nt,OK,,active,
ane,ane,adj,怒った,OK,OK,,active,
eme,eme,adj,空の,OK,OK,,active,
epre,epule,adj,すべての,uses_r;cluster_or_coda@1:pr,OK,,active,
hono,one,adj,正直な,invalid_char:h,OK,,active,
hose,ose,adj,全体の,invalid_char:h,OK,,active,
hote,ote,adj,暑い,invalid_char:h,OK,,active,
ime,ime,adj,重要な,OK,OK,,active,
impoe,imupoe,adj,不可能な,cluster_or_coda@1:mp,OK,,active,
ise,ise,adj,簡単な,OK,OK,,active,
itse,ituse,adj,それぞれの,cluster_or_coda@1:ts,OK,,active,
jere,jele,adj,嫉妬深い,uses_r,OK,,active,
kaie,kaie,adj,親切な,OK,OK,,active,
kape,kape,adj,主な,OK,OK,,active,
kase,kase,adj,気体の,OK,OK,,active,
kire,kile,adj,明確な,uses_r,OK,,active,
kome,kome,adj,一般的な,OK,OK,,active,
kompe,komupe,adj,複雑な,cluster_or_coda@2:mp,OK,,active,
kore,kole,adj,寒い,uses_r,OK,,active,
kue,kue,adj,静かな,OK,OK,,active,
kuke,kuke,adj,調理された,OK,OK,,active,
kule,kule,adj,涼しい,OK,OK,,active,
kure,kale,adj,現在の,uses_r,OK,衝突分化 x1,deprecated,naue
kute,kute,adj,良い,OK,OK,,active,
lase,lase,adj,大きい,OK,OK,,active,
lese,lese,adj,より少ない,OK,OK,,active,
male,male,adj,悪い,OK,OK,,active,
mene,mene,adj,多くの,OK,OK,,active,
naise,naise,adj,素敵な,OK,OK,,active,
naroe,naloe,adj,狭い,uses_r,OK,,active,
naue,naue,adj,現在の,OK,OK,,active,
nese,nese,adj,必要な,OK,OK,,active,
nete,nete,adj,次の,OK,OK,,active,
noie,noie,adj,うるさい,OK,OK,,active,
nome,nome,adj,普通の,OK,OK,,active,
nue,nue,adj,新しい,OK,OK,,active,
orao,olae,adj,オレンジ,uses_r;missing_suffix:expected_e,OK,,active,
ore,ole,adj,古い,uses_r,OK,,active,
pae,pae,adj,主な,OK,OK,,deprecated,kape
papo,pape,adj,公の,missing_suffix:expected_e,OK,,active,
pase,pase,adj,過去の,OK,OK,,active,
paste,pasute,adj,速い,cluster_or_coda@2:st,OK,,active,
pate,pate,adj,悪い,OK,OK,,deprecated,male
paue,paue,adj,強力な,OK,OK,,active,
pike,pike,adj,大きい,OK,OK,,deprecated,lase
pine,pine,adj,ピンク,OK,OK,,active,
piue,piue,adj,少数の,OK,OK,,active,
plake,pulake,adj,黒い,cluster_or_coda@0:pl,OK,,active,
plue,pulue,adj,青い,cluster_or_coda@0:pl,OK,,active,
pore,pole,adj,礼儀正しい,uses_r,OK,,active,
pori,tule,adj,退屈な,uses_r;missing_suffix:expected_e,OK,衝突分化 x1,active,
pose,pose,adj,可能な,OK,OK,,active,
poso,puse,adj,最初の,missing_suffix:expected_e,OK,衝突分化 x1,active,
prae,pulae,adj,誇りに思う,uses_r;cluster_or_coda@0:pr,OK,,active,
praite,pulaite,adj,明るい,uses_r;cluster_or_coda@0:pr,OK,,active,
prao,palae,adj,私的な,uses_r;cluster_or_coda@0:pr;missing_suffix:expected_e,OK,衝突分化 x1,active,
prepe,pulepe,adj,勇敢な,uses_r;cluster_or_coda@0:pr,OK,,active,
pue,pue,adj,貧しい,OK,OK,,active,
pule,pule,adj,満ちた,OK,OK,,active,
pure,pale,adj,純粋な,uses_r,OK,衝突分化 x1,active,
puro,pele,adj,紫,uses_r;missing_suffix:expected_e,OK,衝突分化 x2,active,
pute,pute,adj,未来の,OK,OK,,active,
raie,laie,adj,右の,uses_r,OK,,active,
raite,laite,adj,軽い,uses_r,OK,,active,
raso,sese,adj,最後の,uses_r;missing_suffix:expected_e,OK,衝突分化 x1,active,
raue,laue,adj,生の,uses_r,OK,,active,
reae,leae,adj,本物の,uses_r,OK,,active,
rete,lete,adj,赤い,uses_r,OK,,active,
ripe,lipe,adj,準備ができた,uses_r,OK,,active,
rise,lise,adj,裕福な,uses_r,OK,,active,
rike,like,adj,液体の,uses_r,OK,,active,
rone,lone,adj,間違った,uses_r,OK,,active,
rope,lope,adj,左の,uses_r,OK,,active,
rute,lute,adj,失礼な,uses_r,OK,,active,
sae,sae,adj,悲しい,OK,OK,,active,
saie,saie,adj,恥ずかしがりな,OK,OK,,active,
sape,sape,adj,安全な,OK,OK,,active,
sare,sale,adj,浅い,uses_r,OK,,active,
sate,sate,adj,悲しい,OK,OK,,deprecated,sae
seme,seme,adj,同じ,OK,OK,,active,
sike,sike,adj,病気の,OK,OK,,active,
sile,sile,adj,静かな,OK,OK,,deprecated,kue
sime,sime,adj,似ている,OK,OK,,active,
simpe,simupe,adj,単純な,cluster_or_coda@2:mp,OK,,active,
sine,sine,adj,薄い,OK,OK,,active,
sipo,sipe,adj,単一の,missing_suffix:expected_e,OK,,active,
sire,lole,adj,真面目な,uses_r,OK,衝突分化 x1,active,
siye,sije,adj,愚かな,invalid_char:y,OK,,active,
skue,sukue,adj,四角い,cluster_or_coda@0:sk,OK,,active,
smae,sumae,adj,賢い,cluster_or_coda@0:sm,OK,,active,
smole,sumole,adj,小さい,cluster_or_coda@0:sm,OK,,active,
some,some,adj,いくつかの,OK,OK,,active,
sore,sole,adj,酸っぱい,uses_r,OK,,active,
sote,sote,adj,柔らかい,OK,OK,,active,
spese,supese,adj,特別な,cluster_or_coda@0:sp,OK,,active,
stue,sutue,adj,愚かな,cluster_or_coda@0:st,OK,,deprecated,sije
stra,sutule,adj,まっすぐな,uses_r;cluster_or_coda@0:st;missing_suffix:expected_e,OK,,active,
suke,suke,adj,好き,OK,OK,,active,
take,take,adj,暗い,OK,OK,,active,
tene,tene,adj,危険な,OK,OK,,active,
tike,tike,adj,厚い,OK,OK,,active,
tipe,tipe,adj,異なる,OK,OK,,active,
tote,tute,adj,汚い,OK,OK,衝突分化 x1,active,
traie,tulaie,adj,乾いた,uses_r;cluster_or_coda@0:tr,OK,,active,
trone,tulone,adj,強い,uses_r;cluster_or_coda@0:tr,OK,,active,
true,tulue,adj,本当の,uses_r;cluster_or_coda@0:tr,OK,,active,
use,use,adj,役に立つ,OK,OK,,active,
usre,usule,adj,役に立たない,uses_r;cluster_or_coda@1:sr,OK,,active,
waite,waite,adj,白い,OK,OK,,active,
wete,wete,adj,濡れた,OK,OK,,active,
wike,wike,adj,弱い,OK,OK,,active,
wite,wite,adj,広い,OK,OK,,active,
wome,wome,adj,暖かい,OK,OK,,active,
aki,aki,adv,再び,OK,OK,,active,
aroe,aloi,adv,いつも,uses_r;missing_suffix:expected_i,OK,,active,
arone,aloni,adv,一人で,uses_r;missing_suffix:expected_i,OK,,active,
boni,poni,adv,良く,invalid_char:b,OK,,active,
ermo,elumi,adv,ほとんど,uses_r;cluster_or_coda@1:rm;missing_suffix:expected_i,OK,,active,
hiri,ili,adv,ここで,invalid_char:h,OK,,active,
jeti,jeti,adv,まだ,OK,OK,,active,
kani,kani,adv,できる,OK,OK,,active,
kuti,kuti,adv,良く,OK,OK,,deprecated,poni
lasi,lasi,adv,大きく,OK,OK,,active,
masi,masi,adv,ねばならない,OK,OK,,active,
mei,mei,adv,かもしれない,OK,OK,,active,
mor,moli,adv,もっと,uses_r;cluster_or_coda@2:r;missing_suffix:expected_i,OK,,active,
mos,mosi,adv,最も,cluster_or_coda@2:s;missing_suffix:expected_i,OK,,active,
naui,naui,adv,今,OK,OK,,active,
nepo2,nepi,adv,決してない,missing_suffix:expected_i,OK,,active,
nipo,nipi,adv,十分に,missing_suffix:expected_i,OK,,active,
onri,onuli,adv,だけ,uses_r;cluster_or_coda@1:nr,OK,,active,
opo2,opi,adv,しばしば,missing_suffix:expected_i,OK,,active,
oreti,oleti,adv,すでに,uses_r,OK,,active,
orso,olusi,adv,もまた,uses_r;cluster_or_coda@1:rs;missing_suffix:expected_i,OK,,active,
pasti,pasuti,adv,速く,cluster_or_coda@2:st,OK,,active,
pati,pati,adv,悪く,OK,OK,,active,
peri,peli,adv,とても,uses_r,OK,,active,
reti,leti,adv,遅く,uses_r,OK,,active,
sili,sili,adv,静かに,OK,OK,,active,
somo,somi,adv,時々,missing_suffix:expected_i,OK,,active,
spesi,supesi,adv,特に,cluster_or_coda@0:sp,OK,,active,
sroi,suloi,adv,ゆっくりと,uses_r;cluster_or_coda@0:sr,OK,,active,
suni,suni,adv,すぐに,OK,OK,,active,
sute,suti,adv,ずっと,missing_suffix:expected_i,OK,,active,
suti,sati,adv,べき,OK,OK,衝突分化 x1,active,
teri,teli,adv,そこで,uses_r,OK,,active,
tui,tui,adv,すぎる,OK,OK,,active,
tuke,tuki,adv,一緒に,missing_suffix:expected_i,OK,,active,
pas,pasu,marker,過去,cluster_or_coda@2:s;non_vowel_ending,OK,,active,
fut,putu,marker,未来,invalid_char:f,OK,,active,
kon,konu,marker,進行,cluster_or_coda@2:n;non_vowel_ending,OK,,active,
pin,pinu,marker,完了,cluster_or_coda@2:n;non_vowel_ending,OK,,active,
no,no,marker,否定,OK,OK,,active,
ka,ka,marker,疑問,OK,OK,,active,
ta,ta,marker,関係,OK,OK,,active,
wut,wutu,marker,仮定,cluster_or_coda@2:t;non_vowel_ending,OK,,active,
ni,ni,num,0,OK,OK,v0.4追加,active,
pa,pa,num,1,OK,OK,v0.4追加,active,
to,to,num,2,OK,OK,v0.5: 機能語 tu との同音回避 tu→to,active,
te,te,num,3,OK,OK,v0.4追加,active,
ku,ku,num,4,OK,OK,v0.5: 機能語 ka との同音回避 ka→ku,active,
pe,pe,num,5,OK,OK,v0.5: 機能語 li との同音回避 li→pe,active,
so,so,num,6,OK,OK,v0.4追加,active,
se,se,num,7,OK,OK,v0.4追加,active,
wa,wa,num,8,OK,OK,v0.4追加,active,
ja,ja,num,9,OK,OK,v0.4追加,active,
pulu,pulu,num,十（位の単位）,OK,OK,v0.4追加,active,
kupulu,kupulu,num,百（位の単位）,OK,OK,v0.4追加,active,
mipulu,mipulu,num,千（位の単位）,OK,OK,v0.4追加,active,
mipu,mipu,pronoun,私たち（排他）,OK,OK,v0.4追加,active,
selu,selu,pronoun,自分（再帰）,OK,OK,"v0.4追加: 英self音訳(f削除,語尾-u)",active,
pikosu,pikosu,conj,なぜなら,OK,OK,"v0.6追加: because 英because音訳(b→p,語尾-u)",active,
wenute,wenute,conj,とき,OK,OK,v0.6追加: when 英when音訳+接続詞語尾-nute,active,
wailu,wailu,conj,間,OK,OK,v0.6追加: while 英while音訳(語尾-u),active,
pipolu,pipolu,conj,前に,OK,OK,"v0.6追加: before 英before音訳(b→p,f→p,r→l)",active,
aputi,aputi,conj,後で,OK,OK,"v0.6追加: after 英after音訳(f→p,語尾-ti)",active,
utilu,utilu,conj,まで,OK,OK,v0.6追加: until 英until音訳(n削除),active,
ulesu,ulesu,conj,でなければ,OK,OK,v0.6追加: unless 英unless音訳,active,
oluto,oluto,conj,のに,OK,OK,v0.6追加: although 英although音訳,active,
adult,atupa,noun,大人,OK,OK,v0.7追加: 英検3級語彙 adult noun,active,
aunt,onupa,noun,おば,OK,OK,v0.7追加: 英検3級語彙 aunt noun,active,
cousin,kusina,noun,いとこ,OK,OK,v0.7追加: 英検3級語彙 cousin noun,active,
child,silupa,noun,子供,OK,OK,v0.7追加: 英検3級語彙 child noun,active,
daughter,totela,noun,娘,OK,OK,v0.7追加: 英検3級語彙 daughter noun,active,
family,pamipa,noun,家族,OK,OK,v0.7追加: 英検3級語彙 family noun,active,
grandchild,kuluna,noun,孫,OK,OK,v0.7追加: 英検3級語彙 grandchild noun,active,
grandfather,kupana,noun,祖父,OK,OK,v0.7追加: 英検3級語彙 grandfather noun,active,
grandmother,kilana,noun,祖母,OK,OK,v0.7追加: 英検3級語彙 grandmother noun,active,
man,mata,noun,男性,OK,OK,v0.7追加: 英検3級語彙 man noun,active,
parent,palepa,noun,親,OK,OK,v0.7追加: 英検3級語彙 parent noun,active,
partner,paluma,noun,相棒,OK,OK,v0.7追加: 英検3級語彙 partner noun,active,
son,sona,noun,息子,OK,OK,v0.7追加: 英検3級語彙 son noun,active,
uncle,unuka,noun,おじ,OK,OK,v0.7追加: 英検3級語彙 uncle noun,active,
youth,juwa,noun,若者,OK,OK,v0.7追加: 英検3級語彙 youth noun,active,
classmate,kulepa,noun,同級生,OK,OK,v0.7追加: 英検3級語彙 classmate noun,active,
college,koleka,noun,単科大学,OK,OK,v0.7追加: 英検3級語彙 college noun,active,
dictionary,tikupa,noun,辞書,OK,OK,v0.7追加: 英検3級語彙 dictionary noun,active,
education,etuma,noun,教育,OK,OK,v0.7追加: 英検3級語彙 education noun,active,
exam,ekuka,noun,試験,OK,OK,v0.7追加: 英検3級語彙 exam noun,active,
grade,kutata,noun,学年,OK,OK,v0.7追加: 英検3級語彙 grade noun,active,
gym,jima,noun,体育館,OK,OK,v0.7追加: 英検3級語彙 gym noun,active,
homework,omua,noun,宿題,OK,OK,v0.7追加: 英検3級語彙 homework noun,active,
language,lanua,noun,言語,OK,OK,v0.7追加: 英検3級語彙 language noun,active,
notebook,notepa,noun,ノート,OK,OK,v0.7追加: 英検3級語彙 notebook noun,active,
principal,pupina,noun,校長,OK,OK,v0.7追加: 英検3級語彙 principal noun,active,
subject,sumusa,noun,教科,OK,OK,v0.7追加: 英検3級語彙 subject noun,active,
university,unipa,noun,大学,OK,OK,v0.7追加: 英検3級語彙 university noun,active,
actor,akuwa,noun,俳優,OK,OK,v0.7追加: 英検3級語彙 actor noun,active,
actress,aketa,noun,女優,OK,OK,v0.7追加: 英検3級語彙 actress noun,active,
baker,pakela,noun,パン屋,OK,OK,v0.7追加: 英検3級語彙 baker noun,active,
clerk,kupela,noun,店員,OK,OK,v0.7追加: 英検3級語彙 clerk noun,active,
cook,kuka,noun,料理人,OK,OK,v0.7追加: 英検3級語彙 cook noun,active,
dentist,tenuta,noun,歯医者,OK,OK,v0.7追加: 英検3級語彙 dentist noun,active,
driver,tulapa,noun,運転手,OK,OK,v0.7追加: 英検3級語彙 driver noun,active,
engineer,enina,noun,技術者,OK,OK,v0.7追加: 英検3級語彙 engineer noun,active,
farmer,palita,noun,農家,OK,OK,v0.7追加: 英検3級語彙 farmer noun,active,
guide,kuiwa,noun,案内人,OK,OK,v0.7追加: 英検3級語彙 guide noun,active,
manager,manaka,noun,経営者,OK,OK,v0.7追加: 英検3級語彙 manager noun,active,
nurse,nulusa,noun,看護師,OK,OK,v0.7追加: 英検3級語彙 nurse noun,active,
officer,opapa,noun,役人,OK,OK,v0.7追加: 英検3級語彙 officer noun,active,
pilot,piloka,noun,パイロット,OK,OK,v0.7追加: 英検3級語彙 pilot noun,active,
president,putesa,noun,社長,OK,OK,v0.7追加: 英検3級語彙 president noun,active,
singer,sinela,noun,歌手,OK,OK,v0.7追加: 英検3級語彙 singer noun,active,
worker,wolupa,noun,労働者,OK,OK,v0.7追加: 英検3級語彙 worker noun,active,
writer,litela,noun,作家,OK,OK,v0.7追加: 英検3級語彙 writer noun,active,
bath,papa,noun,風呂,OK,OK,v0.7追加: 英検3級語彙 bath noun,active,
bathroom,patuta,noun,浴室,OK,OK,v0.7追加: 英検3級語彙 bathroom noun,active,
bedroom,petula,noun,寝室,OK,OK,v0.7追加: 英検3級語彙 bedroom noun,active,
desk,tesuka,noun,机,OK,OK,v0.7追加: 英検3級語彙 desk noun,active,
floor,pupula,noun,床,OK,OK,v0.7追加: 英検3級語彙 floor noun,active,
house,usa,noun,家,OK,OK,v0.7追加: 英検3級語彙 house noun,active,
kitchen,kisena,noun,台所,OK,OK,v0.7追加: 英検3級語彙 kitchen noun,active,
light,laita,noun,光,OK,OK,v0.7追加: 英検3級語彙 light noun,active,
machine,masina,noun,機械,OK,OK,v0.7追加: 英検3級語彙 machine noun,active,
magazine,makasa,noun,雑誌,OK,OK,v0.7追加: 英検3級語彙 magazine noun,active,
money,mopa,noun,お金,OK,OK,v0.7追加: 英検3級語彙 money noun,active,
newspaper,nusupa,noun,新聞,OK,OK,v0.7追加: 英検3級語彙 newspaper noun,active,
radio,lapia,noun,ラジオ,OK,OK,v0.7追加: 英検3級語彙 radio noun,active,
refrigerator,lepula,noun,冷蔵庫,OK,OK,v0.7追加: 英検3級語彙 refrigerator noun,active,
roof,luka,noun,屋根,OK,OK,v0.7追加: 英検3級語彙 roof noun,active,
room,luma,noun,部屋,OK,OK,v0.7追加: 英検3級語彙 room noun,active,
towel,topa,noun,タオル,OK,OK,v0.7追加: 英検3級語彙 towel noun,active,
umbrella,umuta,noun,傘,OK,OK,v0.7追加: 英検3級語彙 umbrella noun,active,
wall,wala,noun,壁,OK,OK,v0.7追加: 英検3級語彙 wall noun,active,
beef,pima,noun,牛肉,OK,OK,v0.7追加: 英検3級語彙 beef noun,active,
breakfast,putika,noun,朝食,OK,OK,v0.7追加: 英検3級語彙 breakfast noun,active,
butter,putola,noun,バター,OK,OK,v0.7追加: 英検3級語彙 butter noun,active,
chicken,sikena,noun,鶏肉,OK,OK,v0.7追加: 英検3級語彙 chicken noun,active,
dinner,tinepa,noun,夕食,OK,OK,v0.7追加: 英検3級語彙 dinner noun,active,
lunch,lunusa,noun,昼食,OK,OK,v0.7追加: 英検3級語彙 lunch noun,active,
orange,olana,noun,オレンジ,OK,OK,v0.7追加: 英検3級語彙 orange noun,active,
pork,polapa,noun,豚肉,OK,OK,v0.7追加: 英検3級語彙 pork noun,active,
potato,potata,noun,じゃがいも,OK,OK,v0.7追加: 英検3級語彙 potato noun,active,
sandwich,sanupa,noun,サンドイッチ,OK,OK,v0.7追加: 英検3級語彙 sandwich noun,active,
soup,suma,noun,スープ,OK,OK,v0.7追加: 英検3級語彙 soup noun,active,
tomato,tomata,noun,トマト,OK,OK,v0.7追加: 英検3級語彙 tomato noun,active,
bear,piwa,noun,熊,OK,OK,v0.7追加: 英検3級語彙 bear noun,active,
cow,kola,noun,牛,OK,OK,v0.7追加: 英検3級語彙 cow noun,active,
earth,iluna,noun,地球,OK,OK,v0.7追加: 英検3級語彙 earth noun,active,
elephant,eleka,noun,象,OK,OK,v0.7追加: 英検3級語彙 elephant noun,active,
horse,oluwa,noun,馬,OK,OK,v0.7追加: 英検3級語彙 horse noun,active,
leaf,lika,noun,葉,OK,OK,v0.7追加: 英検3級語彙 leaf noun,active,
monkey,monuka,noun,猿,OK,OK,v0.7追加: 英検3級語彙 monkey noun,active,
nature,natula,noun,自然,OK,OK,v0.7追加: 英検3級語彙 nature noun,active,
pig,pija,noun,豚,OK,OK,v0.7追加: 英検3級語彙 pig noun,active,
plant,putana,noun,植物,OK,OK,v0.7追加: 英検3級語彙 plant noun,active,
rabbit,lapata,noun,ウサギ,OK,OK,v0.7追加: 英検3級語彙 rabbit noun,active,
sheep,sika,noun,羊,OK,OK,v0.7追加: 英検3級語彙 sheep noun,active,
tiger,tikela,noun,トラ,OK,OK,v0.7追加: 英検3級語彙 tiger noun,active,
wood,wupa,noun,木材,OK,OK,v0.7追加: 英検3級語彙 wood noun,active,
baseball,paseta,noun,野球,OK,OK,v0.7追加: 英検3級語彙 baseball noun,active,
basketball,pasaka,noun,バスケットボール,OK,OK,v0.7追加: 英検3級語彙 basketball noun,active,
book,pupa,noun,本,OK,OK,v0.7追加: 英検3級語彙 book noun,active,
camp,kamuka,noun,キャンプ,OK,OK,v0.7追加: 英検3級語彙 camp noun,active,
comic,komika,noun,漫画,OK,OK,v0.7追加: 英検3級語彙 comic noun,active,
concert,konusa,noun,コンサート,OK,OK,v0.7追加: 英検3級語彙 concert noun,active,
guitar,juita,noun,ギター,OK,OK,v0.7追加: 英検3級語彙 guitar noun,active,
hobby,opa,noun,趣味,OK,OK,v0.7追加: 英検3級語彙 hobby noun,active,
match,maka,noun,試合,OK,OK,v0.7追加: 英検3級語彙 match noun,active,
piano,niana,noun,ピアノ,OK,OK,v0.7追加: 英検3級語彙 piano noun,active,
pool,puma,noun,プール,OK,OK,v0.7追加: 英検3級語彙 pool noun,active,
song,soma,noun,歌,OK,OK,v0.7追加: 英検3級語彙 song noun,active,
tennis,tenisa,noun,テニス,OK,OK,v0.7追加: 英検3級語彙 tennis noun,active,
ticket,tikata,noun,切符,OK,OK,v0.7追加: 英検3級語彙 ticket noun,active,
toy,toa,noun,おもちゃ,OK,OK,v0.7追加: 英検3級語彙 toy noun,active,
trip,tupipa,noun,旅行,OK,OK,v0.7追加: 英検3級語彙 trip noun,active,
video,titea,noun,ビデオ,OK,OK,v0.7追加: 英検3級語彙 video noun,active,
bicycle,pisika,noun,自転車,OK,OK,v0.7追加: 英検3級語彙 bicycle noun,active,
bridge,pumita,noun,橋,OK,OK,v0.7追加: 英検3級語彙 bridge noun,active,
building,nuila,noun,建物,OK,OK,v0.7追加: 英検3級語彙 building noun,active,
bus,puwa,noun,バス,OK,OK,v0.7追加: 英検3級語彙 bus noun,active,
city,sima,noun,都市,OK,OK,v0.7追加: 英検3級語彙 city noun,active,
corner,koluma,noun,角,OK,OK,v0.7追加: 英検3級語彙 corner noun,active,
flight,mulita,noun,フライト,OK,OK,v0.7追加: 英検3級語彙 flight noun,active,
place,pupaka,noun,場所,OK,OK,v0.7追加: 英検3級語彙 place noun,active,
plane,palana,noun,飛行機,OK,OK,v0.7追加: 英検3級語彙 plane noun,active,
road,loka,noun,道路,OK,OK,v0.7追加: 英検3級語彙 road noun,active,
street,sutala,noun,通り,OK,OK,v0.7追加: 英検3級語彙 street noun,active,
taxi,takuta,noun,タクシー,OK,OK,v0.7追加: 英検3級語彙 taxi noun,active,
town,tona,noun,町,OK,OK,v0.7追加: 英検3級語彙 town noun,active,
truck,tuloka,noun,トラック,OK,OK,v0.7追加: 英検3級語彙 truck noun,active,
village,pilama,noun,村,OK,OK,v0.7追加: 英検3級語彙 village noun,active,
zoo,suna,noun,動物園,OK,OK,v0.7追加: 英検3級語彙 zoo noun,active,
afternoon,apuja,noun,午後,OK,OK,v0.7追加: 英検3級語彙 afternoon noun,active,
century,senuka,noun,世紀,OK,OK,v0.7追加: 英検3級語彙 century noun,active,
autumn,otuna,noun,秋,OK,OK,v0.7追加: 英検3級語彙 autumn noun,active,
holiday,olima,noun,休日,OK,OK,v0.7追加: 英検3級語彙 holiday noun,active,
hour,ula,noun,時間（60分）,OK,OK,v0.7追加: 英検3級語彙 hour noun,active,
month,monata,noun,月（暦）,OK,OK,v0.7追加: 英検3級語彙 month noun,active,
season,sisona,noun,季節,OK,OK,v0.7追加: 英検3級語彙 season noun,active,
second,sekopa,noun,秒,OK,OK,v0.7追加: 英検3級語彙 second noun,active,
spring,supila,noun,春,OK,OK,v0.7追加: 英検3級語彙 spring noun,active,
summer,sumela,noun,夏,OK,OK,v0.7追加: 英検3級語彙 summer noun,active,
vacation,pakapa,noun,休暇,OK,OK,v0.7追加: 英検3級語彙 vacation noun,active,
weekend,wikepa,noun,週末,OK,OK,v0.7追加: 英検3級語彙 weekend noun,active,
winter,winapa,noun,冬,OK,OK,v0.7追加: 英検3級語彙 winter noun,active,
monday,moputa,noun,月曜日,OK,OK,v0.7追加: 英検3級語彙 monday noun,active,
tuesday,tusuma,noun,火曜日,OK,OK,v0.7追加: 英検3級語彙 tuesday noun,active,
wednesday,wetuna,noun,水曜日,OK,OK,v0.7追加: 英検3級語彙 wednesday noun,active,
thursday,tupusa,noun,木曜日,OK,OK,v0.7追加: 英検3級語彙 thursday noun,active,
friday,pukipa,noun,金曜日,OK,OK,v0.7追加: 英検3級語彙 friday noun,active,
saturday,satuka,noun,土曜日,OK,OK,v0.7追加: 英検3級語彙 saturday noun,active,
sunday,sunuta,noun,日曜日,OK,OK,v0.7追加: 英検3級語彙 sunday noun,active,
crowd,kupota,noun,群衆,OK,OK,v0.7追加: 英検3級語彙 crowd noun,active,
planet,mulana,noun,惑星,OK,OK,v0.7追加: 英検3級語彙 planet noun,active,
age,aka,noun,年齢,OK,OK,v0.7追加: 英検3級語彙 age noun,active,
port,pomuta,noun,港,OK,OK,v0.7追加: 英検3級語彙 port noun,active,
ceiling,selina,noun,天井,OK,OK,v0.7追加: 英検3級語彙 ceiling noun,active,
skill,sukita,noun,技術,OK,OK,v0.7追加: 英検3級語彙 skill noun,active,
trash,tutasa,noun,ごみ,OK,OK,v0.7追加: 英検3級語彙 trash noun,active,
cart,kalupa,noun,カート,OK,OK,v0.7追加: 英検3級語彙 cart noun,active,
shadow,sama,noun,影,OK,OK,v0.7追加: 英検3級語彙 shadow noun,active,
closet,kutopa,noun,押し入れ,OK,OK,v0.7追加: 英検3級語彙 closet noun,active,
branch,pumapa,noun,枝,OK,OK,v0.7追加: 英検3級語彙 branch noun,active,
section,sekusa,noun,部門,OK,OK,v0.7追加: 英検3級語彙 section noun,active,
platform,pukama,noun,ホーム,OK,OK,v0.7追加: 英検3級語彙 platform noun,active,
cave,kaka,noun,洞窟,OK,OK,v0.7追加: 英検3級語彙 cave noun,active,
item,itema,noun,品目,OK,OK,v0.7追加: 英検3級語彙 item noun,active,
tournament,tutuna,noun,トーナメント,OK,OK,v0.7追加: 英検3級語彙 tournament noun,active,
middle,mitula,noun,真ん中,OK,OK,v0.7追加: 英検3級語彙 middle noun,active,
nest,nesuma,noun,巣,OK,OK,v0.7追加: 英検3級語彙 nest noun,active,
comb,komuna,noun,くし,OK,OK,v0.7追加: 英検3級語彙 comb noun,active,
stair,satela,noun,階段,OK,OK,v0.7追加: 英検3級語彙 stair noun,active,
hero,ema,noun,英雄,OK,OK,v0.7追加: 英検3級語彙 hero noun,active,
view,pawa,noun,眺め,OK,OK,v0.7追加: 英検3級語彙 view noun,active,
castle,kasuma,noun,城,OK,OK,v0.7追加: 英検3級語彙 castle noun,active,
shower,sowa,noun,シャワー,OK,OK,v0.7追加: 英検3級語彙 shower noun,active,
capital,kapita,noun,首都,OK,OK,v0.7追加: 英検3級語彙 capital noun,active,
shade,sasa,noun,日陰,OK,OK,v0.7追加: 英検3級語彙 shade noun,active,
festival,pesupa,noun,祭り,OK,OK,v0.7追加: 英検3級語彙 festival noun,active,
field,pilusa,noun,野原,OK,OK,v0.7追加: 英検3級語彙 field noun,active,
ladder,latepa,noun,はしご,OK,OK,v0.7追加: 英検3級語彙 ladder noun,active,
apartment,anala,noun,アパート,OK,OK,v0.7追加: 英検3級語彙 apartment noun,active,
price,pelika,noun,値段,OK,OK,v0.7追加: 英検3級語彙 price noun,active,
culture,kukuta,noun,文化,OK,OK,v0.7追加: 英検3級語彙 culture noun,active,
glove,kelopa,noun,手袋,OK,OK,v0.7追加: 英検3級語彙 glove noun,active,
symbol,simuta,noun,象徴,OK,OK,v0.7追加: 英検3級語彙 symbol noun,active,
volunteer,polina,noun,ボランティア,OK,OK,v0.7追加: 英検3級語彙 volunteer noun,active,
emotion,emoka,noun,感情,OK,OK,v0.7追加: 英検3級語彙 emotion noun,active,
entrance,enuwa,noun,入り口,OK,OK,v0.7追加: 英検3級語彙 entrance noun,active,
accident,akika,noun,事故,OK,OK,v0.7追加: 英検3級語彙 accident noun,active,
twin,tuwina,noun,双子,OK,OK,v0.7追加: 英検3級語彙 twin noun,active,
cage,kama,noun,かご,OK,OK,v0.7追加: 英検3級語彙 cage noun,active,
seed,siwa,noun,種,OK,OK,v0.7追加: 英検3級語彙 seed noun,active,
courage,kukaka,noun,勇気,OK,OK,v0.7追加: 英検3級語彙 courage noun,active,
headache,itasa,noun,頭痛,OK,OK,v0.7追加: 英検3級語彙 headache noun,active,
nephew,neta,noun,おい,OK,OK,v0.7追加: 英検3級語彙 nephew noun,active,
custom,kusuka,noun,習慣,OK,OK,v0.7追加: 英検3級語彙 custom noun,active,
flavor,punasa,noun,風味,OK,OK,v0.7追加: 英検3級語彙 flavor noun,active,
gate,kana,noun,門,OK,OK,v0.7追加: 英検3級語彙 gate noun,active,
information,inopa,noun,情報,OK,OK,v0.7追加: 英検3級語彙 information noun,active,
sunrise,sonula,noun,日の出,OK,OK,v0.7追加: 英検3級語彙 sunrise noun,active,
gesture,kesapa,noun,身ぶり,OK,OK,v0.7追加: 英検3級語彙 gesture noun,active,
job,soja,noun,仕事,OK,OK,v0.7追加: 英検3級語彙 job noun,active,
sweater,suwipa,noun,セーター,OK,OK,v0.7追加: 英検3級語彙 sweater noun,active,
generation,kenepa,noun,世代,OK,OK,v0.7追加: 英検3級語彙 generation noun,active,
sunshine,sunisa,noun,日光,OK,OK,v0.7追加: 英検3級語彙 sunshine noun,active,
case,kawa,noun,場合,OK,OK,v0.7追加: 英検3級語彙 case noun,active,
fact,pakuka,noun,事実,OK,OK,v0.7追加: 英検3級語彙 fact noun,active,
climate,kumipa,noun,気候,OK,OK,v0.7追加: 英検3級語彙 climate noun,active,
statue,supata,noun,像,OK,OK,v0.7追加: 英検3級語彙 statue noun,active,
figure,pikula,noun,数字,OK,OK,v0.7追加: 英検3級語彙 figure noun,active,
gas,kaja,noun,ガス,OK,OK,v0.7追加: 英検3級語彙 gas noun,active,
scissors,sisala,noun,はさみ,OK,OK,v0.7追加: 英検3級語彙 scissors noun,active,
league,lima,noun,リーグ,OK,OK,v0.7追加: 英検3級語彙 league noun,active,
pan,paja,noun,なべ,OK,OK,v0.7追加: 英検3級語彙 pan noun,active,
sign,sikuka,noun,看板,OK,OK,v0.7追加: 英検3級語彙 sign noun,active,
mayor,meoka,noun,市長,OK,OK,v0.7追加: 英検3級語彙 mayor noun,active,
note,nopa,noun,メモ,OK,OK,v0.7追加: 英検3級語彙 note noun,active,
model,moteta,noun,模型,OK,OK,v0.7追加: 英検3級語彙 model noun,active,
cause,koja,noun,原因,OK,OK,v0.7追加: 英検3級語彙 cause noun,active,
shrine,sulika,noun,神社,OK,OK,v0.7追加: 英検3級語彙 shrine noun,active,
dust,tusata,noun,ほこり,OK,OK,v0.7追加: 英検3級語彙 dust noun,active,
coast,kosupa,noun,海岸,OK,OK,v0.7追加: 英検3級語彙 coast noun,active,
chopsticks,sopusa,noun,はし,OK,OK,v0.7追加: 英検3級語彙 chopsticks noun,active,
diet,tita,noun,ダイエット,OK,OK,v0.7追加: 英検3級語彙 diet noun,active,
department,tepala,noun,部署,OK,OK,v0.7追加: 英検3級語彙 department noun,active,
highway,iwa,noun,幹線道路,OK,OK,v0.7追加: 英検3級語彙 highway noun,active,
tradition,talata,noun,伝統,OK,OK,v0.7追加: 英検3級語彙 tradition noun,active,
factory,pakota,noun,工場,OK,OK,v0.7追加: 英検3級語彙 factory noun,active,
heat,ika,noun,熱,OK,OK,v0.7追加: 英検3級語彙 heat noun,active,
temperature,temupa,noun,温度,OK,OK,v0.7追加: 英検3級語彙 temperature noun,active,
pain,pema,noun,痛み,OK,OK,v0.7追加: 英検3級語彙 pain noun,active,
rest,lesuna,noun,休憩,OK,OK,v0.7追加: 英検3級語彙 rest noun,active,
bay,pewa,noun,湾,OK,OK,v0.7追加: 英検3級語彙 bay noun,active,
schedule,setupa,noun,予定,OK,OK,v0.7追加: 英検3級語彙 schedule noun,active,
desert,tesela,noun,砂漠,OK,OK,v0.7追加: 英検3級語彙 desert noun,active,
garbage,kaleta,noun,生ごみ,OK,OK,v0.7追加: 英検3級語彙 garbage noun,active,
medicine,metisa,noun,薬,OK,OK,v0.7追加: 英検3級語彙 medicine noun,active,
experience,ekesa,noun,経験,OK,OK,v0.7追加: 英検3級語彙 experience noun,active,
aquarium,awea,noun,水族館,OK,OK,v0.7追加: 英検3級語彙 aquarium noun,active,
puppy,puja,noun,子犬,OK,OK,v0.7追加: 英検3級語彙 puppy noun,active,
meal,mipa,noun,食事,OK,OK,v0.7追加: 英検3級語彙 meal noun,active,
million,mimia,noun,百万,OK,OK,v0.7追加: 英検3級語彙 million noun,active,
company,komapa,noun,会社,OK,OK,v0.7追加: 英検3級語彙 company noun,active,
garage,kalika,noun,車庫,OK,OK,v0.7追加: 英検3級語彙 garage noun,active,
purse,pukusa,noun,小銭入れ,OK,OK,v0.7追加: 英検3級語彙 purse noun,active,
period,pejia,noun,期間,OK,OK,v0.7追加: 英検3級語彙 period noun,active,
wallet,waleka,noun,財布,OK,OK,v0.7追加: 英検3級語彙 wallet noun,active,
fever,pepela,noun,発熱,OK,OK,v0.7追加: 英検3級語彙 fever noun,active,
promise,pulomisa,noun,約束,OK,OK,v0.7追加: 英検3級語彙 promise noun,active,
novel,nopela,noun,小説,OK,OK,v0.7追加: 英検3級語彙 novel noun,active,
project,puposa,noun,企画,OK,OK,v0.7追加: 英検3級語彙 project noun,active,
hole,ola,noun,穴,OK,OK,v0.7追加: 英検3級語彙 hole noun,active,
message,mesaka,noun,伝言,OK,OK,v0.7追加: 英検3級語彙 message noun,active,
bottom,potoma,noun,底,OK,OK,v0.7追加: 英検3級語彙 bottom noun,active,
secret,sekala,noun,秘密,OK,OK,v0.7追加: 英検3級語彙 secret noun,active,
height,esa,noun,高さ,OK,OK,v0.7追加: 英検3級語彙 height noun,active,
interview,inata,noun,面接,OK,OK,v0.7追加: 英検3級語彙 interview noun,active,
battle,pamula,noun,戦い,OK,OK,v0.7追加: 英検3級語彙 battle noun,active,
audience,otipa,noun,観衆,OK,OK,v0.7追加: 英検3級語彙 audience noun,active,
resort,lesola,noun,リゾート,OK,OK,v0.7追加: 英検3級語彙 resort noun,active,
award,oala,noun,賞,OK,OK,v0.7追加: 英検3級語彙 award noun,active,
role,lola,noun,役割,OK,OK,v0.7追加: 英検3級語彙 role noun,active,
address,atama,noun,住所,OK,OK,v0.7追加: 英検3級語彙 address noun,active,
pleasure,pusisa,noun,楽しみ,OK,OK,v0.7追加: 英検3級語彙 pleasure noun,active,
continent,koneta,noun,大陸,OK,OK,v0.7追加: 英検3級語彙 continent noun,active,
advice,atena,noun,助言,OK,OK,v0.7追加: 英検3級語彙 advice noun,active,
recipe,lesipa,noun,レシピ,OK,OK,v0.7追加: 英検3級語彙 recipe noun,active,
earthquake,ijuta,noun,地震,OK,OK,v0.7追加: 英検3級語彙 earthquake noun,active,
heaven,ipeja,noun,天国,OK,OK,v0.7追加: 英検3級語彙 heaven noun,active,
terminal,teluma,noun,ターミナル,OK,OK,v0.7追加: 英検3級語彙 terminal noun,active,
license,lisepa,noun,免許,OK,OK,v0.7追加: 英検3級語彙 license noun,active,
wedding,wetipa,noun,結婚式,OK,OK,v0.7追加: 英検3級語彙 wedding noun,active,
health,ilapa,noun,健康,OK,OK,v0.7追加: 英検3級語彙 health noun,active,
prize,lulisa,noun,賞品,OK,OK,v0.7追加: 英検3級語彙 prize noun,active,
tear,tipa,noun,涙,OK,OK,v0.7追加: 英検3級語彙 tear noun,active,
crop,kumoka,noun,作物,OK,OK,v0.7追加: 英検3級語彙 crop noun,active,
convenience,konipa,noun,便利,OK,OK,v0.7追加: 英検3級語彙 convenience noun,active,
niece,nika,noun,めい,OK,OK,v0.7追加: 英検3級語彙 niece noun,active,
brush,puluso,verb,磨く,OK,OK,v0.7追加: 英検3級語彙 brush verb,active,
cook,kuko,verb,料理する,OK,OK,v0.7追加: 英検3級語彙 cook verb,active,
bring,pulino,verb,持ってくる,OK,OK,v0.7追加: 英検3級語彙 bring verb,active,
hold,olako,verb,保持する,OK,OK,v0.7追加: 英検3級語彙 hold verb,active,
clean,kuleno,verb,掃除する,OK,OK,v0.7追加: 英検3級語彙 clean verb,active,
buy,puo,verb,買う,OK,OK,v0.7追加: 英検3級語彙 buy verb,active,
draw,tiwo,verb,描く,OK,OK,v0.7追加: 英検3級語彙 draw verb,active,
turn,tuluno,verb,曲がる,OK,OK,v0.7追加: 英検3級語彙 turn verb,active,
learn,liluno,verb,学ぶ,OK,OK,v0.7追加: 英検3級語彙 learn verb,active,
study,sutuko,verb,勉強する,OK,OK,v0.7追加: 英検3級語彙 study verb,active,
practice,putako,verb,練習する,OK,OK,v0.7追加: 英検3級語彙 practice verb,active,
enjoy,enuso,verb,楽しむ,OK,OK,v0.7追加: 英検3級語彙 enjoy verb,active,
need,nijo,verb,必要とする,OK,OK,v0.7追加: 英検3級語彙 need verb,active,
worry,wuwo,verb,心配する,OK,OK,v0.7追加: 英検3級語彙 worry verb,active,
surprise,suluto,verb,驚かせる,OK,OK,v0.7追加: 英検3級語彙 surprise verb,active,
smile,sumilo,verb,微笑む,OK,OK,v0.7追加: 英検3級語彙 smile verb,active,
answer,anuso,verb,答える,OK,OK,v0.7追加: 英検3級語彙 answer verb,active,
invite,inupo,verb,招待する,OK,OK,v0.7追加: 英検3級語彙 invite verb,active,
show,mowo,verb,見せる,OK,OK,v0.7追加: 英検3級語彙 show verb,active,
thank,tanako,verb,感謝する,OK,OK,v0.7追加: 英検3級語彙 thank verb,active,
become,pekomo,verb,成る,OK,OK,v0.7追加: 英検3級語彙 become verb,active,
build,puimo,verb,建てる,OK,OK,v0.7追加: 英検3級語彙 build verb,active,
arrive,alimo,verb,到着する,OK,OK,v0.7追加: 英検3級語彙 arrive verb,active,
move,mujo,verb,動く,OK,OK,v0.7追加: 英検3級語彙 move verb,active,
return,letulo,verb,戻る,OK,OK,v0.7追加: 英検3級語彙 return verb,active,
shine,sipo,verb,輝く,OK,OK,v0.7追加: 英検3級語彙 shine verb,active,
continue,konupo,verb,続ける,OK,OK,v0.7追加: 英検3級語彙 continue verb,active,
escape,esako,verb,逃げる,OK,OK,v0.7追加: 英検3級語彙 escape verb,active,
master,masuto,verb,習得する,OK,OK,v0.7追加: 英検3級語彙 master verb,active,
hunt,unuto,verb,狩る,OK,OK,v0.7追加: 英検3級語彙 hunt verb,active,
press,pupeso,verb,押しつける,OK,OK,v0.7追加: 英検3級語彙 press verb,active,
damage,tamapo,verb,損なう,OK,OK,v0.7追加: 英検3級語彙 damage verb,active,
cancel,kanuko,verb,取り消す,OK,OK,v0.7追加: 英検3級語彙 cancel verb,active,
blow,pupo,verb,吹く,OK,OK,v0.7追加: 英検3級語彙 blow verb,active,
relax,lelako,verb,くつろぐ,OK,OK,v0.7追加: 英検3級語彙 relax verb,active,
offer,opepo,verb,提供する,OK,OK,v0.7追加: 英検3級語彙 offer verb,active,
collect,kolepo,verb,集める,OK,OK,v0.7追加: 英検3級語彙 collect verb,active,
hide,ipo,verb,隠す,OK,OK,v0.7追加: 英検3級語彙 hide verb,active,
trust,tukuso,verb,信頼する,OK,OK,v0.7追加: 英検3級語彙 trust verb,active,
exchange,ekuto,verb,交換する,OK,OK,v0.7追加: 英検3級語彙 exchange verb,active,
shock,soko,verb,ショックを与える,OK,OK,v0.7追加: 英検3級語彙 shock verb,active,
introduce,ineto,verb,紹介する,OK,OK,v0.7追加: 英検3級語彙 introduce verb,active,
state,sutiso,verb,述べる,OK,OK,v0.7追加: 英検3級語彙 state verb,active,
stew,suko,verb,煮込む,OK,OK,v0.7追加: 英検3級語彙 stew verb,active,
attend,atemo,verb,出席する,OK,OK,v0.7追加: 英検3級語彙 attend verb,active,
hate,amo,verb,嫌う,OK,OK,v0.7追加: 英検3級語彙 hate verb,active,
rise,limo,verb,昇る,OK,OK,v0.7追加: 英検3級語彙 rise verb,active,
act,akito,verb,行動する,OK,OK,v0.7追加: 英検3級語彙 act verb,active,
bake,jawo,verb,焼く,OK,OK,v0.7追加: 英検3級語彙 bake verb,active,
shoot,sumo,verb,撃つ,OK,OK,v0.7追加: 英検3級語彙 shoot verb,active,
waste,wasupo,verb,無駄にする,OK,OK,v0.7追加: 英検3級語彙 waste verb,active,
travel,tupapo,verb,旅行する,OK,OK,v0.7追加: 英検3級語彙 travel verb,active,
perform,peluto,verb,演じる,OK,OK,v0.7追加: 英検3級語彙 perform verb,active,
twist,tuwiso,verb,ひねる,OK,OK,v0.7追加: 英検3級語彙 twist verb,active,
board,polupo,verb,乗り込む,OK,OK,v0.7追加: 英検3級語彙 board verb,active,
graduate,kupato,verb,卒業する,OK,OK,v0.7追加: 英検3級語彙 graduate verb,active,
sound,souno,verb,聞こえる,OK,OK,v0.7追加: 英検3級語彙 sound verb,active,
check,jejo,verb,確認する,OK,OK,v0.7追加: 英検3級語彙 check verb,active,
prepare,putepo,verb,準備する,OK,OK,v0.7追加: 英検3級語彙 prepare verb,active,
advise,atuno,verb,助言する,OK,OK,v0.7追加: 英検3級語彙 advise verb,active,
add,ano,verb,加える,OK,OK,v0.7追加: 英検3級語彙 add verb,active,
cross,kulupo,verb,横切る,OK,OK,v0.7追加: 英検3級語彙 cross verb,active,
mark,maluko,verb,印をつける,OK,OK,v0.7追加: 英検3級語彙 mark verb,active,
solve,soluko,verb,解決する,OK,OK,v0.7追加: 英検3級語彙 solve verb,active,
raise,leto,verb,上げる,OK,OK,v0.7追加: 英検3級語彙 raise verb,active,
miss,miso,verb,恋しく思う,OK,OK,v0.7追加: 英検3級語彙 miss verb,active,
smoke,sumoko,verb,喫煙する,OK,OK,v0.7追加: 英検3級語彙 smoke verb,active,
sign,sikuko,verb,署名する,OK,OK,v0.7追加: 英検3級語彙 sign verb,active,
lend,lenuto,verb,貸す,OK,OK,v0.7追加: 英検3級語彙 lend verb,active,
fit,pimo,verb,合う,OK,OK,v0.7追加: 英検3級語彙 fit verb,active,
celebrate,selepo,verb,祝う,OK,OK,v0.7追加: 英検3級語彙 celebrate verb,active,
cheer,siwo,verb,元気づける,OK,OK,v0.7追加: 英検3級語彙 cheer verb,active,
burn,pupuno,verb,燃える,OK,OK,v0.7追加: 英検3級語彙 burn verb,active,
plant,putano,verb,植える,OK,OK,v0.7追加: 英検3級語彙 plant verb,active,
fear,kowo,verb,恐れる,OK,OK,v0.7追加: 英検3級語彙 fear verb,active,
borrow,popo,verb,借りる,OK,OK,v0.7追加: 英検3級語彙 borrow verb,active,
boil,poiwo,verb,沸かす,OK,OK,v0.7追加: 英検3級語彙 boil verb,active,
greet,kutito,verb,挨拶する,OK,OK,v0.7追加: 英検3級語彙 greet verb,active,
cost,kosuto,verb,費用がかかる,OK,OK,v0.7追加: 英検3級語彙 cost verb,active,
fix,pikuso,verb,修理する,OK,OK,v0.7追加: 英検3級語彙 fix verb,active,
fold,polato,verb,折る,OK,OK,v0.7追加: 英検3級語彙 fold verb,active,
decorate,tekolo,verb,飾る,OK,OK,v0.7追加: 英検3級語彙 decorate verb,active,
release,leliso,verb,公開する,OK,OK,v0.7追加: 英検3級語彙 release verb,active,
feed,piso,verb,食物を与える,OK,OK,v0.7追加: 英検3級語彙 feed verb,active,
spread,supulo,verb,広げる,OK,OK,v0.7追加: 英検3級語彙 spread verb,active,
deliver,telipo,verb,配達する,OK,OK,v0.7追加: 英検3級語彙 deliver verb,active,
steal,satilo,verb,盗む,OK,OK,v0.7追加: 英検3級語彙 steal verb,active,
roast,losupo,verb,あぶる,OK,OK,v0.7追加: 英検3級語彙 roast verb,active,
afraid,apupe,adj,怖い,OK,OK,v0.7追加: 英検3級語彙 afraid adj,active,
careful,kalepe,adj,注意深い,OK,OK,v0.7追加: 英検3級語彙 careful adj,active,
excited,ekuse,adj,興奮した,OK,OK,v0.7追加: 英検3級語彙 excited adj,active,
friendly,pulime,adj,親しみやすい,OK,OK,v0.7追加: 英検3級語彙 friendly adj,active,
fine,miwe,adj,元気な,OK,OK,v0.7追加: 英検3級語彙 fine adj,active,
funny,june,adj,おかしい,OK,OK,v0.7追加: 英検3級語彙 funny adj,active,
glad,kulate,adj,嬉しい,OK,OK,v0.7追加: 英検3級語彙 glad adj,active,
happy,ape,adj,幸せな,OK,OK,v0.7追加: 英検3級語彙 happy adj,active,
hungry,unupe,adj,空腹な,OK,OK,v0.7追加: 英検3級語彙 hungry adj,active,
interested,inape,adj,興味を持った,OK,OK,v0.7追加: 英検3級語彙 interested adj,active,
lonely,lonele,adj,寂しい,OK,OK,v0.7追加: 英検3級語彙 lonely adj,active,
lucky,mume,adj,幸運な,OK,OK,v0.7追加: 英検3級語彙 lucky adj,active,
sleepy,sulite,adj,眠い,OK,OK,v0.7追加: 英検3級語彙 sleepy adj,active,
sorry,moke,adj,申し訳ない,OK,OK,v0.7追加: 英検3級語彙 sorry adj,active,
surprised,sulupe,adj,驚いた,OK,OK,v0.7追加: 英検3級語彙 surprised adj,active,
thirsty,tiluse,adj,喉が渇いた,OK,OK,v0.7追加: 英検3級語彙 thirsty adj,active,
tired,tilete,adj,疲れた,OK,OK,v0.7追加: 英検3級語彙 tired adj,active,
busy,wuje,adj,忙しい,OK,OK,v0.7追加: 英検3級語彙 busy adj,active,
cheap,site,adj,安い,OK,OK,v0.7追加: 英検3級語彙 cheap adj,active,
clean,kulene,adj,きれいな,OK,OK,v0.7追加: 英検3級語彙 clean adj,active,
dead,tite,adj,死んだ,OK,OK,v0.7追加: 英検3級語彙 dead adj,active,
delicious,telise,adj,おいしい,OK,OK,v0.7追加: 英検3級語彙 delicious adj,active,
difficult,tipike,adj,難しい,OK,OK,v0.7追加: 英検3級語彙 difficult adj,active,
expensive,ekepe,adj,高価な,OK,OK,v0.7追加: 英検3級語彙 expensive adj,active,
famous,pamuse,adj,有名な,OK,OK,v0.7追加: 英検3級語彙 famous adj,active,
free,pupe,adj,自由な,OK,OK,v0.7追加: 英検3級語彙 free adj,active,
great,kulipe,adj,素晴らしい,OK,OK,v0.7追加: 英検3級語彙 great adj,active,
hard,aluke,adj,硬い,OK,OK,v0.7追加: 英検3級語彙 hard adj,active,
late,jame,adj,遅れた,OK,OK,v0.7追加: 英検3級語彙 late adj,active,
open,apele,adj,開いた,OK,OK,v0.7追加: 英検3級語彙 open adj,active,
popular,popule,adj,人気のある,OK,OK,v0.7追加: 英検3級語彙 popular adj,active,
strange,sutape,adj,奇妙な,OK,OK,v0.7追加: 英検3級語彙 strange adj,active,
sure,sule,adj,確かな,OK,OK,v0.7追加: 英検3級語彙 sure adj,active,
sweet,suwike,adj,甘い,OK,OK,v0.7追加: 英検3級語彙 sweet adj,active,
terrible,telape,adj,ひどい,OK,OK,v0.7追加: 英検3級語彙 terrible adj,active,
young,jowe,adj,若い,OK,OK,v0.7追加: 英検3級語彙 young adj,active,
deep,time,adj,深い,OK,OK,v0.7追加: 英検3級語彙 deep adj,active,
heavy,ipe,adj,重い,OK,OK,v0.7追加: 英検3級語彙 heavy adj,active,
high,ile,adj,高い,OK,OK,v0.7追加: 英検3級語彙 high adj,active,
long,lote,adj,長い,OK,OK,v0.7追加: 英検3級語彙 long adj,active,
low,loke,adj,低い,OK,OK,v0.7追加: 英検3級語彙 low adj,active,
short,solume,adj,短い,OK,OK,v0.7追加: 英検3級語彙 short adj,active,
slow,supe,adj,遅い,OK,OK,v0.7追加: 英検3級語彙 slow adj,active,
tall,wawe,adj,背の高い,OK,OK,v0.7追加: 英検3級語彙 tall adj,active,
brown,pulose,adj,茶色い,OK,OK,v0.7追加: 英検3級語彙 brown adj,active,
green,kupine,adj,緑の,OK,OK,v0.7追加: 英検3級語彙 green adj,active,
yellow,kewe,adj,黄色い,OK,OK,v0.7追加: 英検3級語彙 yellow adj,active,
tight,tine,adj,きつい,OK,OK,v0.7追加: 英検3級語彙 tight adj,active,
crowded,kuloke,adj,混雑した,OK,OK,v0.7追加: 英検3級語彙 crowded adj,active,
total,totale,adj,全部の,OK,OK,v0.7追加: 英検3級語彙 total adj,active,
official,opipe,adj,公式の,OK,OK,v0.7追加: 英検3級語彙 official adj,active,
familiar,pamile,adj,見慣れた,OK,OK,v0.7追加: 英検3級語彙 familiar adj,active,
nervous,nelupe,adj,緊張した,OK,OK,v0.7追加: 英検3級語彙 nervous adj,active,
several,sepele,adj,数個の,OK,OK,v0.7追加: 英検3級語彙 several adj,active,
alive,alite,adj,生きた,OK,OK,v0.7追加: 英検3級語彙 alive adj,active,
international,ineke,adj,国際的な,OK,OK,v0.7追加: 英検3級語彙 international adj,active,
enough,nipe,adj,十分な,OK,OK,v0.7追加: 英検3級語彙 enough adj,active,
basic,pasike,adj,基本的な,OK,OK,v0.7追加: 英検3級語彙 basic adj,active,
comfortable,komate,adj,快適な,OK,OK,v0.7追加: 英検3級語彙 comfortable adj,active,
foreign,poleke,adj,外国の,OK,OK,v0.7追加: 英検3級語彙 foreign adj,active,
fresh,pukese,adj,新鮮な,OK,OK,v0.7追加: 英検3級語彙 fresh adj,active,
amazing,amase,adj,驚くべき,OK,OK,v0.7追加: 英検3級語彙 amazing adj,active,
crazy,kuluse,adj,クレイジーな,OK,OK,v0.7追加: 英検3級語彙 crazy adj,active,
local,lokale,adj,地元の,OK,OK,v0.7追加: 英検3級語彙 local adj,active,
extra,ekate,adj,余分な,OK,OK,v0.7追加: 英検3級語彙 extra adj,active,
correct,kolete,adj,正しい,OK,OK,v0.7追加: 英検3級語彙 correct adj,active,
absent,apise,adj,欠席した,OK,OK,v0.7追加: 英検3級語彙 absent adj,active,
major,masole,adj,主要な,OK,OK,v0.7追加: 英検3級語彙 major adj,active,
excellent,ekike,adj,優れた,OK,OK,v0.7追加: 英検3級語彙 excellent adj,active,
lazy,lape,adj,怠惰な,OK,OK,v0.7追加: 英検3級語彙 lazy adj,active,
fair,pepe,adj,公平な,OK,OK,v0.7追加: 英検3級語彙 fair adj,active,
electric,eleme,adj,電気の,OK,OK,v0.7追加: 英検3級語彙 electric adj,active,
elderly,elune,adj,年配の,OK,OK,v0.7追加: 英検3級語彙 elderly adj,active,
helpful,etupe,adj,助けになる,OK,OK,v0.7追加: 英検3級語彙 helpful adj,active,
healthy,ilupe,adj,健康的な,OK,OK,v0.7追加: 英検3級語彙 healthy adj,active,
natural,natupe,adj,自然な,OK,OK,v0.7追加: 英検3級語彙 natural adj,active,
both,pope,adj,両方の,OK,OK,v0.7追加: 英検3級語彙 both adj,active,
early,ewi,adv,早く,OK,OK,v0.7追加: 英検3級語彙 early adv,active,
easily,isi,adv,簡単に,OK,OK,v0.7追加: 英検3級語彙 easily adv,active,
carefully,kalepi,adv,注意深く,OK,OK,v0.7追加: 英検3級語彙 carefully adv,active,
finally,pinali,adv,ついに,OK,OK,v0.7追加: 英検3級語彙 finally adv,active,
usually,usui,adv,たいてい,OK,OK,v0.7追加: 英検3級語彙 usually adv,active,
away,oi,adv,離れて,OK,OK,v0.7追加: 英検3級語彙 away adv,active,
really,leai,adv,本当に,OK,OK,v0.7追加: 英検3級語彙 really adv,active,
actually,akupi,adv,実際に,OK,OK,v0.7追加: 英検3級語彙 actually adv,active,
exactly,ekuni,adv,正確に,OK,OK,v0.7追加: 英検3級語彙 exactly adv,active,
softly,soti,adv,そっと,OK,OK,v0.7追加: 英検3級語彙 softly adv,active,
overseas,opeki,adv,海外へ,OK,OK,v0.7追加: 英検3級語彙 overseas adv,active,
nearly,noki,adv,もう少しで,OK,OK,v0.7追加: 英検3級語彙 nearly adv,active,
recently,leseni,adv,最近,OK,OK,v0.7追加: 英検3級語彙 recently adv,active,
abroad,apali,adv,海外で,OK,OK,v0.7追加: 英検3級語彙 abroad adv,active,
outdoors,utuli,adv,屋外で,OK,OK,v0.7追加: 英検3級語彙 outdoors adv,active,
upstairs,upusi,adv,上の階へ,OK,OK,v0.7追加: 英検3級語彙 upstairs adv,active,
downtown,tonuti,adv,都心へ,OK,OK,v0.7追加: 英検3級語彙 downtown adv,active,
instead,inuki,adv,その代わりに,OK,OK,v0.7追加: 英検3級語彙 instead adv,active,
aloud,aluli,adv,声を出して,OK,OK,v0.7追加: 英検3級語彙 aloud adv,active,
anyway,aniwi,adv,とにかく,OK,OK,v0.7追加: 英検3級語彙 anyway adv,active,
nowadays,noati,adv,この頃,OK,OK,v0.7追加: 英検3級語彙 nowadays adv,active,
rather,lateli,adv,かなり,OK,OK,v0.7追加: 英検3級語彙 rather adv,active,
hard,aluki,adv,一生懸命に,OK,OK,v0.7追加: 英検3級語彙 hard adv,active,
straight,sutuli,adv,まっすぐに,OK,OK,v0.7追加: 英検3級語彙 straight adv,active,
far,jali,adv,遠くに,OK,OK,v0.7追加: 英検3級語彙 far adv,active,
ever,epepi,adv,これまでに,OK,OK,v0.7追加: 英検3級語彙 ever adv,active,
then,tapi,adv,その時,OK,OK,v0.7追加: 英検3級語彙 then adv,active,
anytime,anati,adv,いつでも,OK,OK,v0.7追加: 英検3級語彙 anytime adv,active,
above,akote,prep,の上方に,OK,OK,v0.7追加: 英検3級語彙 above prep,active,
across,awate,prep,を横切って,OK,OK,v0.7追加: 英検3級語彙 across prep,active,
against,amete,prep,に反対して,OK,OK,v0.7追加: 英検3級語彙 against prep,active,
among,emote,prep,の中で,OK,OK,v0.7追加: 英検3級語彙 among prep,active,
around,ilate,prep,の周りに,OK,OK,v0.7追加: 英検3級語彙 around prep,active,
behind,peite,prep,の後ろに,OK,OK,v0.7追加: 英検3級語彙 behind prep,active,
between,petute,prep,の間に,OK,OK,v0.7追加: 英検3級語彙 between prep,active,
during,tupite,prep,の最中に,OK,OK,v0.7追加: 英検3級語彙 during prep,active,
into,ipete,prep,の中へ,OK,OK,v0.7追加: 英検3級語彙 into prep,active,
near,nilute,prep,の近くに,OK,OK,v0.7追加: 英検3級語彙 near prep,active,
off,otate,prep,から離れて,OK,OK,v0.7追加: 英検3級語彙 off prep,active,
over,okete,prep,を越えて,OK,OK,v0.7追加: 英検3級語彙 over prep,active,
through,tutute,prep,を通って,OK,OK,v0.7追加: 英検3級語彙 through prep,active,
under,unate,prep,の下に,OK,OK,v0.7追加: 英検3級語彙 under prep,active,
without,wipate,prep,なしで,OK,OK,v0.7追加: 英検3級語彙 without prep,active,
onto,omite,prep,の上へ,OK,OK,v0.7追加: 英検3級語彙 onto prep,active,
beside,pesate,prep,のそばに,OK,OK,v0.7追加: 英検3級語彙 beside prep,active,
everyone,ewa,pronoun,みんな,OK,OK,v0.7追加: 英検3級語彙 everyone pronoun,active,
everything,eja,pronoun,すべて,OK,OK,v0.7追加: 英検3級語彙 everything pronoun,active,
something,sema,pronoun,何か,OK,OK,v0.7追加: 英検3級語彙 something pronoun,active,
nothing,noka,pronoun,何もない,OK,OK,v0.7追加: 英検3級語彙 nothing pronoun,active,
anyone,awa,pronoun,誰でも,OK,OK,v0.7追加: 英検3級語彙 anyone pronoun,active,
anything,aja,pronoun,何でも,OK,OK,v0.7追加: 英検3級語彙 anything pronoun,active,
