word,en
mi,I|me
tu,you
li,he|she|it|him|her
misu,we|us
tusu,you all
lisu,they|them
mipu,we|us
selu,myself|yourself|himself|herself|itself|themselves|oneself
somena,someone|somebody
wata,what
kua,who|whom
wena,when
wela,where
waia,why
aua,how
e,and
patu,but
o,or
sonu,so|therefore
ipu,if
tanute,than
atute,at|by
inute,in|inside
onute,on
paute,about
pote,for
pulomute,from
tote,to
witute,with
aki,again
aloi,always
aloni,alone
poni,well
elumi,almost
ili,here
jeti,still|yet
kani,can
lasi,greatly|largely
masi,must|have to
mei,may|might|maybe
moli,more
mosi,most
naui,now
nepi,never
nipi,enough
onuli,only|just
opi,often
oleti,already
olusi,also|too
pasuti,quickly|fast
pati,badly
peli,very
leti,late
somi,sometimes
supesi,especially
suloi,slowly
sili,quietly
suni,soon|immediately
suti,all the time
sati,should|ought to
teli,there
tui,too much
tuki,together
aita,idea|thought
ana,anger
anusa,answer
ala,area
ata,art
peta,beauty
eta,edge
enela,energy
anuma,animal
aia,eye
epa,airport
kasa,hat|cap
isoa,history
apa,apple
jota,joy
kaia,kindness
kema,game
kona,economy
kosa,cost
kusa,course
kulima,crime
kula,contract
kuwea,question
lepa,level
lesa,lesson
lita,literature
masa,mathematics|math
mema,memory
meta,method
mupa,movie|film
musa,music
naua,present
nema,name
nota,news|notice
numa,number
paia,payment
patala,part
pasa,past
eiwa,peace
paua,power|strength
pela,failure
pika,picture|painting
pila,bill
pina,point|dot
kowa,fear
pisa,voice
puloa,plan
poka,opinion
pona,score|points
pulopa,problem
paloa,product
tata,future
laina,line
sokuta,restaurant
leta,result
sita,letter
lisa,reason
losa,danger
loa,law
lopa,love
lula,rule
lumupa,report
saia,science
sapa,safety
sata,sadness
sela,sale|sales
sena,sentence
sepa,service
sina,thing
sisa,system
sola,kind|type
sosa,society
souna,sound
supesa,space
supa,sport|sports
saka,success
taima,time
taka,tax
tana,chance
tanusa,dance
tota,whole
tuluta,truth
weia,way
woa,war
wota,word
inusa,insect|bug
kata,cat
pata,bird
tosa,fish
tuka,dog
ena,hand
aluta,heart
ita,head
mauta,mouth
nosa,nose
pesa,face
puna,bone
pota,body
pulota,blood
teta,foot|leg
kila,tail
wina,wing
ota,hotel
osa,hospital
kanuta,country
kipa,library
kita,church
kota,court
mapa,map
mala,market
nasa,museum
opisa,office
paka,park
puka,bank
posa,post office
pulia,prison
sukula,school
sopa,shop|store
sutea,station
kekisa,theater|theatre
wola,world
kuta,coat
kulosa,clothes
pasuna,pants|trousers
tila,belt
lina,ring
soka,socks
sota,shirt
sua,shoes
tulesa,dress
wuta,clock|watch
eka,egg
kapa,cup
kupa,coffee
kalasa,glass
nita,metal
mika,tangerine|mandarin
miluka,milk
mita,meat
naipa,knife
oila,oil
pana,bread
pia,beer
poluka,fork
pola,bowl
tuta,bottle
pula,plate|dish
puluta,fruit
puta,food
laisa,rice
sala,salad
lupa,soap
supuna,spoon
seka,sugar
tesa,test
tia,tea
tisa,cheese
jeta,water
weja,vegetable
wona,wine
asa,husband
mama,mother|mom
pama,father|dad
pulata,brother
sula,sister
waipa,wife
aila,island
aisa,ice
ela,air
kelasa,grass
pala,cloud
mota,mountain
muna,moon
paila,fire
molia,forest
pulaua,flower
lena,rain
lipa,river
sana,sun
sia,sea|ocean
suka,sky
sunoa,snow
lata,storm
suta,star
sutona,stone|rock
tulia,tree
weta,weather
wuna,wind
atisa,artist
enema,enemy
uma,human
jaja,judge
kesuta,customer|guest
kina,king
kuna,government
kopa,police officer|police
mana,person|people
nepa,neighbor
pepa,baby
pusa,boss
pulea,player
pulena,friend
sitia,citizen
lala,soldier
sutua,student
titusa,teacher
toka,doctor
woma,woman
ama,hammer
kamela,camera
kala,car
kia,key
kulasa,class
koma,computer|pc
mila,mirror
teka,bag
pokita,pocket
pena,pen
pipa,paper
peka,box
pita,bed
lamupa,lamp
nawa,rope
lota,robot
sila,chair
sipa,ship|boat
luta,salt
tepa,table
tela,phone|telephone
tipia,tv|television
tola,door
tulena,train
tula,tool
winuta,window
wila,wire
ipa,evening
ila,year
jesutea,yesterday
minuta,minute
mola,morning
moloa,tomorrow
naita,night
nuna,noon|midday
teia,day
tuteia,today
wika,week
aleo,arrest
ako,hug|embrace
apo,happen
ato,hurt|injure
elupo,help
io,hit|strike
oto,have
ito,eat
joino,participate|join
joso,join in
jupo,jump
juso,use
kako,write
kanao,consider|ponder
kalo,carry
kato,cut
katuso,catch
kelo,care
kiko,kick
kimo,climb
kio,wear|put on
kipo,keep|give
kiso,kiss
kono,control|rule
pulo,cover
koso,make|let|cause
koto,count
kulaio,cry|weep
kulio,create
kulo,grow
kuloso,close|shut
palo,include|contain
lepo,leave
lito,lead|guide
luso,lose
mano,manage
malo,marry
mato,wait
meko,make
mito,meet
neo,sleep
upo,remember|memorize
oko,wake up|get up
ono,own
apelo,open
olo,order|command
paito,fight
pako,pay
pao,fall
paso,pass
peno,spend
pelo,fail
piko,pick up|pick
pito,pray
pulao,plan
tulimo,dream
polo,follow|obey
poto,protect|guard
pulaio,fly
puleko,break|destroy
puleo,play
pulomiso,promise
talo,pull
puno,punish
puso,push
puto,put|place
laio,ride
lano,run
lapo,laugh
leso,receive|get
liko,drink
laso,be defeated
sao,touch
sapo,hold up|sustain
satuso,search|look for
seko,shake|wave
selo,sell
seno,send
sepo,save|rescue
silo,share
sino,sing
supeo,spell
sulo,throw
supo,support|assist
suwimo,swim
tako,attack
tano,ask for|request
tanuso,dance
taso,change
teko,take
tepo,develop
toko,speak|talk
tolo,try
tulao,drive
tulopo,drop
tuso,choose|select
waso,wash
weso,wish
wino,win
wiso,visit
woko,work
iko,go
komo,come
sito,sit
wako,walk
alo,exist
pio,be
pino,finish|end
lipo,live|reside
simo,resemble|seem
sutato,start|begin
suteo,stay
sutopo,stop
taio,die
tato,stand
akulo,agree
elo,discuss|argue
asuko,ask
esupo,explain
oo,hear|listen
opo,hope
juo,say|tell
keso,guess
keto,comprehend
poso,decide
kolo,call
kumo,compare
mino,mean
mo,know
noto,notice
omo,think
paino,find
pilo,feel
pipo,believe
pokio,forgive|allow
poko,forget
laiko,like
leko,oppose
liso,recognize
loto,read
lopo,love
sio,see|look at|watch
sumeo,smell
teto,doubt
teso,taste
tituso,teach
weko,understand|get
wonuto,want
ane,angry
eme,empty
epule,all|every
one,honest
ose,whole
ote,hot
ime,important
imupoe,impossible
ise,easy
ituse,each
jele,jealous
kaie,kind
kape,main
kase,gaseous
kile,clear
kome,common|general
komupe,complex|complicated
kole,cold
kue,quiet
kuke,cooked
kule,cool
kute,good
lase,big|large
lese,less|fewer
male,bad
mene,many|much|a lot of
naise,nice
naloe,narrow
naue,current|present
nese,necessary
nete,next
noie,noisy|loud
nome,normal|ordinary
nue,new
olae,orange
ole,old
pape,public
pase,former
pasute,fast|quick
paue,powerful
pine,pink
piue,few
pulake,black
pulue,blue
pole,polite
tule,boring|dull
pose,possible
puse,first
pulae,proud
pulaite,bright
palae,private
pulepe,brave
pue,poor
pule,full
pale,pure
pele,purple
pute,future
laie,right
laite,light
sese,last
laue,raw
leae,real|genuine
lete,red
lipe,ready
lise,rich|wealthy
like,liquid
lone,wrong
lope,left
lute,rude
sae,sad
saie,shy
sape,safe
sale,shallow
seme,same
sike,sick|ill
sime,similar
simupe,simple
sine,thin
sipe,single
lole,serious
sije,foolish|stupid
sukue,square
sumae,smart|clever
sumole,small|little
some,some
sole,sour
sote,soft
supese,special
sutule,straight
suke,favorite
take,dark
tene,dangerous
tike,thick
tipe,different
tute,dirty
tulaie,dry
tulone,strong
tulue,true
use,useful
usule,useless
waite,white
wete,wet
wike,weak
wite,wide|broad
wome,warm
